0.001;0;0;0;0;0;0;0;0;0;0;0;0;0;0;0;0;0;0;0;0;0;0;0;0;0;0;0;0;0;0;0;0;0;0;0;0;0;0;0;0;0;0;0;0;0;0;0;0;0;0;0;0;0;0;0;0;0;0;0;0;0;0;0;0;0;0;0;0;0;0;0;0;0;0;0;0;0;0;0;0;0;0;0;0;0;0;0;0;0;0;0;0;0;0;0;0;0;0;0;0;
0.00114815;0;0;0;0;0;0;0;0;0;0;0;0;0;0;0;0;0;0;0;0;0;0;0;0;0;0;0;0;0;0;0;0;0;0;0;0;0;0;0;0;0;0;0;0;0;0;0;0;0;0;0;0;0;0;0;0;0;0;0;0;0;0;0;0;0;0;0;0;0;0;0;0;0;0;0;0;0;0;0;0;0;0;0;1.67075e-160;1.37383e-158;5.71568e-157;1.60395e-155;3.41506e-154;5.88382e-153;8.54374e-152;1.07533e-150;1.19742e-149;1.19824e-148;1.0909e-147;9.12586e-147;7.0725e-146;5.1128e-145;3.46786e-144;2.21798e-143;1.34349e-142;
0.00131826;0;0;0;0;0;0;0;0;0;0;0;0;0;0;0;0;0;0;0;0;0;0;0;0;0;0;0;0;0;0;0;0;0;0;0;0;0;0;0;0;0;0;0;0;0;0;0;0;0;0;0;0;0;0;0;0;0;0;0;0;0;0;0;0;0;0;0;0;0;0;0;0;0;0;0;0;0;0;0;0;0;0;1.44476e-158;1.17387e-156;4.82633e-155;1.33864e-153;2.81741e-152;4.799e-151;6.89024e-150;8.57589e-149;9.44465e-148;9.34847e-147;8.41947e-146;6.9684e-145;5.34366e-144;3.82278e-143;2.56616e-142;1.62453e-141;9.74086e-141;5.55327e-140;
0.00151356;0;0;0;0;0;0;0;0;0;0;0;0;0;0;0;0;0;0;0;0;0;0;0;0;0;0;0;0;0;0;0;0;0;0;0;0;0;0;0;0;0;0;0;0;0;0;0;0;0;0;0;0;0;0;0;0;0;0;0;0;0;0;0;0;0;0;0;0;0;0;0;0;0;0;0;0;0;0;0;0;0;1.24934e-156;1.00287e-154;4.07419e-153;1.11673e-151;2.32306e-150;3.91148e-149;5.55218e-148;6.83287e-147;7.44149e-146;7.2848e-145;6.4896e-144;5.3134e-143;4.03121e-142;2.85353e-141;1.89558e-140;1.18765e-139;7.04864e-139;3.97786e-138;2.14181e-137;
0.0017378;0;0;0;0;0;0;0;0;0;0;0;0;0;0;0;0;0;0;0;0;0;0;0;0;0;0;0;0;0;0;0;0;0;0;0;0;0;0;0;0;0;0;0;0;0;0;0;0;0;0;0;0;0;0;0;0;0;0;0;0;0;0;0;0;0;0;0;0;0;0;0;0;0;0;0;0;0;0;0;0;1.08036e-154;8.56649e-153;3.43826e-151;9.31209e-150;1.91435e-148;3.18584e-147;4.47021e-146;5.43884e-145;5.85676e-144;5.66976e-143;4.99538e-142;4.04557e-141;3.03633e-140;2.12644e-139;1.39772e-138;8.66602e-138;5.09025e-137;2.84336e-136;1.5155e-135;7.73054e-135;
0.00199526;0;0;0;0;0;0;0;0;0;0;0;0;0;0;0;0;0;0;0;0;0;0;0;0;0;0;0;0;0;0;0;0;0;0;0;0;0;0;0;0;0;0;0;0;0;0;0;0;0;0;0;0;0;0;0;0;0;0;0;0;0;0;0;0;0;0;0;0;0;0;0;0;0;0;0;0;0;0;0;9.3423e-153;7.31637e-151;2.90071e-149;7.7616e-148;1.57661e-146;2.59294e-145;3.59599e-144;4.32492e-143;4.60435e-142;4.40728e-141;3.83993e-140;3.07566e-139;2.28331e-138;1.58189e-137;1.02872e-136;6.3111e-136;3.66842e-135;2.02803e-134;1.06991e-133;5.40249e-133;2.61803e-132;
0.00229087;0;0;0;0;0;0;0;0;0;0;0;0;0;0;0;0;0;0;0;0;0;0;0;0;0;0;0;0;0;0;0;0;0;0;0;0;0;0;0;0;0;0;0;0;0;0;0;0;0;0;0;0;0;0;0;0;0;0;0;0;0;0;0;0;0;0;0;0;0;0;0;0;0;0;0;0;0;0;8.07866e-151;6.24771e-149;2.44645e-147;6.46632e-146;1.29768e-144;2.10881e-143;2.89018e-142;3.43564e-141;3.61559e-140;3.42153e-139;2.9476e-138;2.33471e-137;1.71421e-136;1.17471e-135;7.5572e-135;4.58696e-134;2.63819e-133;1.44329e-132;7.5358e-132;3.76638e-131;1.80675e-130;8.33863e-130;
0.00263027;0;0;0;0;0;0;0;0;0;0;0;0;0;0;0;0;0;0;0;0;0;0;0;0;0;0;0;0;0;0;0;0;0;0;0;0;0;0;0;0;0;0;0;0;0;0;0;0;0;0;0;0;0;0;0;0;0;0;0;0;0;0;0;0;0;0;0;0;0;0;0;0;0;0;0;0;0;6.98595e-149;5.33429e-147;2.06268e-145;5.38467e-144;1.06744e-142;1.71376e-141;2.32081e-140;2.72637e-139;2.83583e-138;2.65279e-137;2.25938e-136;1.76949e-135;1.28478e-134;8.70762e-134;5.54097e-133;3.32703e-132;1.8932e-131;1.02483e-130;5.29519e-130;2.61926e-129;1.24366e-128;5.68185e-128;2.50314e-127;
0.00301995;0;0;0;0;0;0;0;0;0;0;0;0;0;0;0;0;0;0;0;0;0;0;0;0;0;0;0;0;0;0;0;0;0;0;0;0;0;0;0;0;0;0;0;0;0;0;0;0;0;0;0;0;0;0;0;0;0;0;0;0;0;0;0;0;0;0;0;0;0;0;0;0;0;0;0;0;6.04103e-147;4.55366e-145;1.73854e-143;4.4818e-142;8.77496e-141;1.39163e-139;1.86188e-138;2.16122e-137;2.22155e-136;2.05401e-135;1.7293e-134;1.33896e-133;9.61266e-133;6.44265e-132;4.05466e-131;2.40814e-130;1.35559e-129;7.26009e-129;3.71174e-128;1.8169e-127;8.53798e-127;3.86093e-126;1.68377e-125;7.09539e-125;
0.00346737;0;0;0;0;0;0;0;0;0;0;0;0;0;0;0;0;0;0;0;0;0;0;0;0;0;0;0;0;0;0;0;0;0;0;0;0;0;0;0;0;0;0;0;0;0;0;0;0;0;0;0;0;0;0;0;0;0;0;0;0;0;0;0;0;0;0;0;0;0;0;0;0;0;0;0;5.22392e-145;3.88662e-143;1.46486e-141;3.72848e-140;7.20882e-139;1.12915e-137;1.49229e-136;1.71134e-135;1.73818e-134;1.5882e-133;1.32159e-132;1.01152e-131;7.17943e-131;4.7578e-130;2.96105e-129;1.73931e-128;9.68455e-128;5.13098e-127;2.59534e-126;1.25705e-125;5.84566e-125;2.61621e-124;1.1293e-123;4.71085e-123;1.90245e-122;
0.00398107;0;0;0;0;0;0;0;0;0;0;0;0;0;0;0;0;0;0;0;0;0;0;0;0;0;0;0;0;0;0;0;0;0;0;0;0;0;0;0;0;0;0;0;0;0;0;0;0;0;0;0;0;0;0;0;0;0;0;0;0;0;0;0;0;0;0;0;0;0;0;0;0;0;0;4.51734e-143;3.31671e-141;1.23383e-139;3.10021e-138;5.91826e-137;9.15419e-136;1.19489e-134;1.35359e-133;1.35826e-132;1.22629e-131;1.00844e-130;7.62873e-130;5.35239e-129;3.50674e-128;2.15794e-127;1.25349e-126;6.90281e-126;3.61746e-125;1.81011e-124;8.67405e-124;3.99125e-123;1.76768e-122;7.55167e-122;3.11803e-121;1.24649e-120;4.83259e-120;
0.00457088;0;0;0;0;0;0;0;0;0;0;0;0;0;0;0;0;0;0;0;0;0;0;0;0;0;0;0;0;0;0;0;0;0;0;0;0;0;0;0;0;0;0;0;0;0;0;0;0;0;0;0;0;0;0;0;0;0;0;0;0;0;0;0;0;0;0;0;0;0;0;0;0;0;3.90632e-141;2.82987e-139;1.03888e-137;2.57648e-136;4.85542e-135;7.4152e-134;9.5581e-133;1.06939e-131;1.06001e-130;9.45489e-130;7.68268e-129;5.74353e-128;3.98288e-127;2.5795e-126;1.56931e-125;9.01335e-125;4.90843e-124;2.54404e-123;1.25916e-122;5.96907e-122;2.71739e-121;1.19084e-120;5.03441e-120;2.05725e-119;8.14039e-119;3.12413e-118;1.16464e-117;
0.00524807;0;0;0;0;0;0;0;0;0;0;0;0;0;0;0;0;0;0;0;0;0;0;0;0;0;0;0;0;0;0;0;0;0;0;0;0;0;0;0;0;0;0;0;0;0;0;0;0;0;0;0;0;0;0;0;0;0;0;0;0;0;0;0;0;0;0;0;0;0;0;0;0;3.37796e-139;2.41405e-137;8.74414e-136;2.14007e-134;3.98066e-133;6.00136e-132;7.63781e-131;8.43868e-130;8.26138e-129;7.27905e-128;5.84345e-127;4.31656e-126;2.95814e-125;1.89356e-124;1.13877e-123;6.46625e-123;3.4818e-122;1.78458e-121;8.7357e-121;4.09618e-120;1.84472e-119;7.99818e-119;3.34575e-118;1.35297e-117;5.29844e-117;2.01271e-116;7.42741e-116;2.66632e-115;
0.0060256;0;0;0;0;0;0;0;0;0;0;0;0;0;0;0;0;0;0;0;0;0;0;0;0;0;0;0;0;0;0;0;0;0;0;0;0;0;0;0;0;0;0;0;0;0;0;0;0;0;0;0;0;0;0;0;0;0;0;0;0;0;0;0;0;0;0;0;0;0;0;0;2.92106e-137;2.05894e-135;7.35714e-134;1.77662e-132;3.26115e-131;4.85278e-130;6.09689e-129;6.65096e-128;6.42988e-127;5.59542e-126;4.43712e-125;3.23823e-124;2.19276e-123;1.38712e-122;8.24508e-122;4.62799e-121;2.46368e-120;1.24857e-119;6.04399e-119;2.80291e-118;1.24858e-117;5.35532e-117;2.21639e-116;8.86846e-116;3.43687e-115;1.29211e-114;4.71958e-114;1.67716e-113;5.80576e-113;
0.00691831;0;0;0;0;0;0;0;0;0;0;0;0;0;0;0;0;0;0;0;0;0;0;0;0;0;0;0;0;0;0;0;0;0;0;0;0;0;0;0;0;0;0;0;0;0;0;0;0;0;0;0;0;0;0;0;0;0;0;0;0;0;0;0;0;0;0;0;0;0;0;2.52596e-135;1.75573e-133;6.18779e-132;1.47406e-130;2.66971e-129;3.92044e-128;4.86159e-127;5.23544e-126;4.99737e-125;4.29449e-124;3.36347e-123;2.42476e-122;1.62215e-121;1.01395e-120;5.95607e-120;3.30431e-119;1.73882e-118;8.71207e-118;4.16994e-117;1.91234e-116;8.42516e-116;3.57439e-115;1.46343e-114;5.79337e-114;2.22154e-113;8.26505e-113;2.98781e-112;1.05092e-111;3.60123e-111;1.20365e-110;
0.00794328;0;0;0;0;0;0;0;0;0;0;0;0;0;0;0;0;0;0;0;0;0;0;0;0;0;0;0;0;0;0;0;0;0;0;0;0;0;0;0;0;0;0;0;0;0;0;0;0;0;0;0;0;0;0;0;0;0;0;0;0;0;0;0;0;0;0;0;0;0;2.1843e-133;1.49688e-131;5.20227e-130;1.22232e-128;2.18387e-127;3.16425e-126;3.87227e-125;4.11591e-124;3.87841e-123;3.29074e-122;2.54513e-121;1.81217e-120;1.19755e-119;7.39536e-119;4.29245e-118;2.35337e-117;1.22401e-116;6.06228e-116;2.86869e-115;1.30081e-114;5.66733e-114;2.37798e-113;9.63014e-113;3.77139e-112;1.43081e-111;5.26722e-111;1.88427e-110;6.55942e-110;2.22482e-109;7.36104e-109;2.37832e-108;
0.00912011;0;0;0;0;0;0;0;0;0;0;0;0;0;0;0;0;0;0;0;0;0;0;0;0;0;0;0;0;0;0;0;0;0;0;0;0;0;0;0;0;0;0;0;0;0;0;0;0;0;0;0;0;0;0;0;0;0;0;0;0;0;0;0;0;0;0;0;0;1.88885e-131;1.27593e-129;4.37195e-128;1.01296e-126;1.78505e-125;2.55146e-124;3.08075e-123;3.23153e-122;3.00553e-121;2.51745e-120;1.92242e-119;1.35169e-118;8.82227e-118;5.3817e-117;3.08605e-116;1.67182e-115;8.59312e-115;4.20652e-114;1.96768e-113;8.82114e-113;3.80001e-112;1.57675e-111;6.3153e-111;2.44635e-110;9.18139e-110;3.344e-109;1.18368e-108;4.07768e-108;1.36882e-107;4.48269e-107;1.43372e-106;4.48293e-106;
0.0104713;0;0;0;0;0;0;0;0;0;0;0;0;0;0;0;0;0;0;0;0;0;0;0;0;0;0;0;0;0;0;0;0;0;0;0;0;0;0;0;0;0;0;0;0;0;0;0;0;0;0;0;0;0;0;0;0;0;0;0;0;0;0;0;0;0;0;0;1.63336e-129;1.08736e-127;3.67263e-126;8.38957e-125;1.45789e-123;2.0553e-122;2.44815e-121;2.53374e-120;2.32555e-119;1.92261e-118;1.44937e-117;1.00618e-116;6.48518e-116;3.90723e-115;2.21323e-114;1.18455e-113;6.01611e-113;2.9104e-112;1.34557e-111;5.96293e-111;2.53957e-110;1.04192e-109;4.12682e-109;1.58105e-108;5.86937e-108;2.11474e-107;7.40604e-107;2.52447e-106;8.38608e-106;2.71804e-105;8.60461e-105;2.66331e-104;8.06744e-104;
0.0120226;0;0;0;0;0;0;0;0;0;0;0;0;0;0;0;0;0;0;0;0;0;0;0;0;0;0;0;0;0;0;0;0;0;0;0;0;0;0;0;0;0;0;0;0;0;0;0;0;0;0;0;0;0;0;0;0;0;0;0;0;0;0;0;0;0;0;1.41244e-127;9.26465e-126;3.08386e-124;6.94403e-123;1.18971e-121;1.65394e-120;1.94309e-119;1.98387e-118;1.7966e-117;1.46577e-116;1.09063e-115;7.47442e-115;4.75656e-114;2.82996e-113;1.58324e-112;8.37042e-112;4.2e-111;2.00765e-110;9.17287e-110;4.01775e-109;1.69147e-108;6.8609e-108;2.68694e-107;1.01798e-106;3.73757e-106;1.33202e-105;4.61476e-105;1.5563e-104;5.11551e-104;1.64075e-103;5.14068e-103;1.57493e-102;4.72247e-102;1.38715e-101;
0.0138038;0;0;0;0;0;0;0;0;0;0;0;0;0;0;0;0;0;0;0;0;0;0;0;0;0;0;0;0;0;0;0;0;0;0;0;0;0;0;0;0;0;0;0;0;0;0;0;0;0;0;0;0;0;0;0;0;0;0;0;0;0;0;0;0;0;1.22139e-125;7.892e-124;2.58834e-122;5.74383e-121;9.70026e-120;1.32956e-118;1.54032e-117;1.55111e-116;1.38572e-115;1.11549e-114;8.19082e-114;5.54054e-113;3.4807e-112;2.04468e-111;1.12962e-110;5.89849e-110;2.9236e-109;1.38069e-108;6.23326e-108;2.69809e-107;1.1227e-106;4.50154e-106;1.74292e-105;6.52913e-105;2.3706e-104;8.35575e-104;2.86339e-103;9.55283e-103;3.10661e-102;9.85933e-102;3.05691e-101;9.26886e-101;2.75096e-100;7.99895e-100;2.28049e-99;
0.0158489;0;0;0;0;0;0;0;0;0;0;0;0;0;0;0;0;0;0;0;0;0;0;0;0;0;0;0;0;0;0;0;0;0;0;0;0;0;0;0;0;0;0;0;0;0;0;0;0;0;0;0;0;0;0;0;0;0;0;0;0;0;0;0;0;1.05619e-123;6.72118e-122;2.17146e-120;4.7479e-119;7.90217e-118;1.06764e-116;1.21947e-115;1.21096e-114;1.06703e-113;8.47347e-113;6.13901e-112;4.09802e-111;2.54106e-110;1.47358e-109;8.03807e-109;4.14477e-108;2.02902e-107;9.46539e-107;4.2218e-106;1.80568e-105;7.42527e-105;2.94262e-104;1.12625e-103;4.17111e-103;1.49744e-102;5.2195e-102;1.769e-101;5.83765e-101;1.87803e-100;5.89687e-100;1.80911e-99;5.42831e-99;1.5945e-98;4.58907e-98;1.29513e-97;3.58695e-97;
0.018197;0;0;0;0;0;0;0;0;0;0;0;0;0;0;0;0;0;0;0;0;0;0;0;0;0;0;0;0;0;0;0;0;0;0;0;0;0;0;0;0;0;0;0;0;0;0;0;0;0;0;0;0;0;0;0;0;0;0;0;0;0;0;0;9.13326e-122;5.7227e-120;1.82088e-118;3.92195e-117;6.43157e-116;8.56361e-115;9.6418e-114;9.43979e-113;8.20232e-112;6.42443e-111;4.59163e-110;3.02424e-109;1.85058e-108;1.05924e-107;5.70389e-107;2.90397e-106;1.40384e-105;6.46813e-105;2.84979e-104;1.20419e-103;4.89294e-103;1.91627e-102;7.24904e-102;2.65387e-101;9.41932e-101;3.24635e-100;1.08804e-99;3.55108e-99;1.13001e-98;3.51002e-98;1.0654e-97;3.16316e-97;9.19471e-97;2.61903e-96;7.31611e-96;2.00579e-95;5.40094e-95;
0.020893;0;0;0;0;0;0;0;0;0;0;0;0;0;0;0;0;0;0;0;0;0;0;0;0;0;0;0;0;0;0;0;0;0;0;0;0;0;0;0;0;0;0;0;0;0;0;0;0;0;0;0;0;0;0;0;0;0;0;0;0;0;0;7.8979e-120;4.87137e-118;1.52616e-116;3.23739e-115;5.22976e-114;6.86107e-113;7.613e-112;7.34709e-111;6.29409e-110;4.86139e-109;3.42693e-108;2.22664e-107;1.34436e-106;7.59368e-106;4.03605e-105;2.02851e-104;9.68221e-104;4.40531e-103;1.91699e-102;8.00163e-102;3.21211e-101;1.24303e-100;4.64696e-100;1.68149e-99;5.89951e-99;2.01016e-98;6.66161e-98;2.15003e-97;6.76661e-97;2.07902e-96;6.24265e-96;1.83374e-95;5.27427e-95;1.48669e-94;4.11022e-94;1.11538e-93;2.97303e-93;7.78912e-93;
0.0239883;0;0;0;0;0;0;0;0;0;0;0;0;0;0;0;0;0;0;0;0;0;0;0;0;0;0;0;0;0;0;0;0;0;0;0;0;0;0;0;0;0;0;0;0;0;0;0;0;0;0;0;0;0;0;0;0;0;0;0;0;0;6.82964e-118;4.14564e-116;1.27851e-114;2.67036e-113;4.24844e-112;5.49051e-111;6.00269e-110;5.70911e-109;4.82105e-108;3.67123e-107;2.55204e-106;1.63548e-105;9.74106e-105;5.42895e-104;2.84756e-103;1.4126e-102;6.65605e-102;2.99013e-101;1.28492e-100;5.29715e-100;2.10053e-99;8.0308e-99;2.96654e-98;1.06081e-97;3.67863e-97;1.23904e-96;4.05951e-96;1.2955e-95;4.03195e-95;1.2252e-94;3.63895e-94;1.05743e-93;3.00911e-93;8.39277e-93;2.29618e-92;6.16688e-92;1.62702e-91;4.21967e-91;1.07644e-90;
0.0275423;0;0;0;0;0;0;0;0;0;0;0;0;0;0;0;0;0;0;0;0;0;0;0;0;0;0;0;0;0;0;0;0;0;0;0;0;0;0;0;0;0;0;0;0;0;0;0;0;0;0;0;0;0;0;0;0;0;0;0;0;5.90586e-116;3.52711e-114;1.0705e-112;2.20098e-111;3.44784e-110;4.38836e-109;4.72617e-108;4.42896e-107;3.68585e-106;2.76671e-105;1.89619e-104;1.19831e-103;7.03954e-103;3.87034e-102;2.003e-101;9.80571e-101;4.5604e-100;2.02245e-99;8.5809e-99;3.49334e-98;1.36816e-97;5.16705e-97;1.88571e-96;6.66295e-96;2.28338e-95;7.60155e-95;2.46192e-94;7.76744e-94;2.3903e-93;7.18284e-93;2.10994e-92;6.06465e-92;1.70726e-91;4.71116e-91;1.27537e-90;3.38964e-90;8.85086e-90;2.27206e-89;5.73759e-89;1.42616e-88;
0.0316228;0;0;0;0;0;0;0;0;0;0;0;0;0;0;0;0;0;0;0;0;0;0;0;0;0;0;0;0;0;0;0;0;0;0;0;0;0;0;0;0;0;0;0;0;0;0;0;0;0;0;0;0;0;0;0;0;0;0;0;5.10704e-114;3.00006e-112;8.95861e-111;1.81269e-109;2.79524e-108;3.50304e-107;3.71557e-106;3.42997e-105;2.81253e-104;2.08059e-103;1.40559e-102;8.75772e-102;5.07336e-101;2.75115e-100;1.40456e-99;6.78444e-99;3.11379e-98;1.36298e-97;5.70883e-97;2.29471e-96;8.87495e-96;3.31039e-95;1.1934e-94;4.166e-94;1.4107e-93;4.64112e-93;1.48566e-92;4.63348e-92;1.40969e-91;4.18855e-91;1.21672e-90;3.45884e-90;9.63127e-90;2.62918e-89;7.04189e-89;1.85189e-88;4.78525e-88;1.21575e-87;3.03881e-87;7.47717e-87;1.81212e-86;
0.0363078;0;0;0;0;0;0;0;0;0;0;0;0;0;0;0;0;0;0;0;0;0;0;0;0;0;0;0;0;0;0;0;0;0;0;0;0;0;0;0;0;0;0;0;0;0;0;0;0;0;0;0;0;0;0;0;0;0;0;4.41626e-112;2.55106e-110;7.49301e-109;1.4917e-107;2.26377e-106;2.79269e-105;2.91658e-104;2.65163e-103;2.14186e-102;1.56117e-101;1.03941e-100;6.38374e-100;3.64606e-99;1.94972e-98;9.81777e-98;4.67823e-97;2.11852e-96;9.15135e-96;3.78328e-95;1.50124e-94;5.73271e-94;2.11162e-93;7.5185e-93;2.59262e-92;8.6735e-92;2.8196e-91;8.91967e-91;2.74955e-90;8.26915e-90;2.42909e-89;6.97698e-89;1.96137e-88;5.40155e-88;1.45853e-87;3.86449e-87;1.00549e-86;2.57085e-86;6.46358e-86;1.59896e-85;3.89423e-85;9.3426e-85;2.20902e-84;
0.0416869;0;0;0;0;0;0;0;0;0;0;0;0;0;0;0;0;0;0;0;0;0;0;0;0;0;0;0;0;0;0;0;0;0;0;0;0;0;0;0;0;0;0;0;0;0;0;0;0;0;0;0;0;0;0;0;0;0;3.81892e-110;2.16863e-108;6.26364e-107;1.22653e-105;1.83135e-104;2.22339e-103;2.28577e-102;2.04617e-101;1.62777e-100;1.16876e-99;7.66716e-99;4.64072e-98;2.6127e-97;1.37747e-96;6.83995e-96;3.21467e-95;1.43609e-94;6.12083e-94;2.49716e-93;9.78034e-93;3.68693e-92;1.34089e-91;4.71466e-91;1.60571e-90;5.30639e-90;1.70424e-89;5.32718e-89;1.62284e-88;4.82392e-88;1.40077e-87;3.9777e-87;1.10566e-86;3.01116e-86;8.04146e-86;2.10752e-85;5.4246e-85;1.37223e-84;3.41375e-84;8.35706e-84;2.01439e-83;4.78343e-83;1.11961e-82;2.5843e-82;
0.047863;0;0;0;0;0;0;0;0;0;0;0;0;0;0;0;0;0;0;0;0;0;0;0;0;0;0;0;0;0;0;0;0;0;0;0;0;0;0;0;0;0;0;0;0;0;0;0;0;0;0;0;0;0;0;0;0;3.30237e-108;1.84299e-106;5.23292e-105;1.00763e-103;1.47985e-102;1.76769e-101;1.78845e-100;1.57598e-99;1.23446e-98;8.72936e-98;5.6411e-97;3.36422e-96;1.86661e-95;9.70068e-95;4.74916e-94;2.20105e-93;9.69818e-93;4.07769e-92;1.64144e-91;6.34433e-91;2.36061e-90;8.47525e-90;2.94227e-89;9.89561e-89;3.22986e-88;1.02469e-87;3.16445e-87;9.52533e-87;2.79814e-86;8.03086e-86;2.2543e-85;6.19503e-85;1.66822e-84;4.40562e-84;1.14196e-83;2.9074e-83;7.27567e-83;1.79077e-82;4.33781e-82;1.03471e-81;2.43175e-81;5.63377e-81;1.28727e-80;2.90223e-80;
0.0549541;0;0;0;0;0;0;0;0;0;0;0;0;0;0;0;0;0;0;0;0;0;0;0;0;0;0;0;0;0;0;0;0;0;0;0;0;0;0;0;0;0;0;0;0;0;0;0;0;0;0;0;0;0;0;0;2.8557e-106;1.56576e-104;4.36917e-103;8.27056e-102;1.19442e-100;1.40337e-99;1.39697e-98;1.21148e-97;9.34125e-97;6.50403e-96;4.13941e-95;2.43183e-94;1.32945e-93;6.80903e-93;3.28591e-92;1.50146e-91;6.52386e-91;2.70547e-90;1.07436e-89;4.09718e-89;1.50445e-88;5.3313e-88;1.82711e-87;6.06731e-87;1.9556e-86;6.12771e-86;1.86931e-85;5.55908e-85;1.61361e-84;4.57673e-84;1.26979e-83;3.44943e-83;9.18327e-83;2.398e-82;6.14675e-82;1.54777e-81;3.8312e-81;9.32848e-81;2.23564e-80;5.27667e-80;1.22721e-79;2.81387e-79;6.36394e-79;1.42032e-78;3.12947e-78;
0.0630957;0;0;0;0;0;0;0;0;0;0;0;0;0;0;0;0;0;0;0;0;0;0;0;0;0;0;0;0;0;0;0;0;0;0;0;0;0;0;0;0;0;0;0;0;0;0;0;0;0;0;0;0;0;0;2.46944e-104;1.32981e-102;3.6457e-101;6.78217e-100;9.62881e-99;1.11248e-97;1.08926e-96;9.29405e-96;7.05261e-95;4.83384e-94;3.02914e-93;1.75262e-92;9.43847e-92;4.76305e-91;2.26527e-90;1.02031e-89;4.37089e-89;1.78747e-88;7.001e-88;2.63386e-87;9.54244e-87;3.33709e-86;1.12883e-85;3.70051e-85;1.17765e-84;3.644e-84;1.09792e-83;3.2253e-83;9.24923e-83;2.59219e-82;7.10736e-82;1.90832e-81;5.02211e-81;1.29652e-80;3.28605e-80;8.18256e-80;2.0032e-79;4.82457e-79;1.14383e-78;2.67103e-78;6.14679e-78;1.39474e-77;3.1219e-77;6.89651e-77;1.50422e-76;3.24074e-76;
0.0724436;0;0;0;0;0;0;0;0;0;0;0;0;0;0;0;0;0;0;0;0;0;0;0;0;0;0;0;0;0;0;0;0;0;0;0;0;0;0;0;0;0;0;0;0;0;0;0;0;0;0;0;0;0;2.13542e-102;1.12905e-100;3.04006e-99;5.55632e-98;7.75252e-97;8.80528e-96;8.4779e-95;7.11521e-94;5.31221e-93;3.58323e-92;2.21038e-91;1.25924e-90;6.67875e-90;3.32012e-89;1.55582e-88;6.90618e-88;2.91628e-87;1.17583e-86;4.54147e-86;1.68517e-85;6.02291e-85;2.07822e-84;6.93751e-84;2.24474e-83;7.05217e-83;2.15455e-82;6.41051e-82;1.85995e-81;5.26883e-81;1.45887e-80;3.95242e-80;1.04875e-79;2.72793e-79;6.96164e-79;1.74441e-78;4.29498e-78;1.0398e-77;2.4768e-77;5.80836e-77;1.34178e-76;3.05501e-76;6.85908e-76;1.51933e-75;3.32175e-75;7.17136e-75;1.52944e-74;3.2235e-74;
0.0831764;0;0;0;0;0;0;0;0;0;0;0;0;0;0;0;0;0;0;0;0;0;0;0;0;0;0;0;0;0;0;0;0;0;0;0;0;0;0;0;0;0;0;0;0;0;0;0;0;0;0;0;0;1.84659e-100;9.58264e-99;2.53332e-97;4.54753e-96;6.23375e-95;6.95827e-94;6.58608e-93;5.43541e-92;3.9916e-91;2.64904e-90;1.60819e-89;9.01871e-89;4.70981e-88;2.30588e-87;1.06443e-86;4.6555e-86;1.93742e-85;7.70006e-85;2.93219e-84;1.07293e-83;3.78223e-83;1.28745e-82;4.24051e-82;1.35405e-81;4.19874e-81;1.26635e-80;3.72018e-80;1.0659e-79;2.98221e-79;8.15678e-79;2.18326e-78;5.72426e-78;1.47146e-77;3.71153e-77;9.19336e-77;2.23784e-76;5.35693e-76;1.26186e-75;2.92672e-75;6.68759e-75;1.5063e-74;3.346e-74;7.33368e-74;1.58671e-73;3.39029e-73;7.1568e-73;1.49318e-72;3.08018e-72;
0.0954993;0;0;0;0;0;0;0;0;0;0;0;0;0;0;0;0;0;0;0;0;0;0;0;0;0;0;0;0;0;0;0;0;0;0;0;0;0;0;0;0;0;0;0;0;0;0;0;0;0;0;0;1.59682e-98;8.13024e-97;2.10958e-95;3.71807e-94;5.00576e-93;5.4896e-92;5.10645e-91;4.14291e-90;2.99175e-89;1.95297e-88;1.16651e-87;6.43798e-87;3.3096e-86;1.59544e-85;7.25329e-85;3.12507e-84;1.28141e-83;5.01908e-83;1.88399e-82;6.79676e-82;2.36272e-81;7.93247e-81;2.57747e-80;8.12055e-80;2.48499e-79;7.39758e-79;2.14536e-78;6.06912e-78;1.67684e-77;4.52984e-77;1.1977e-76;3.10243e-76;7.88016e-76;1.9643e-75;4.80901e-75;1.15717e-74;2.73858e-74;6.37854e-74;1.463e-73;3.30628e-73;7.36617e-73;1.6187e-72;3.51015e-72;7.51468e-72;1.58895e-71;3.31969e-71;6.85557e-71;1.39993e-70;2.82771e-70;
0.109648;0;0;0;0;0;0;0;0;0;0;0;0;0;0;0;0;0;0;0;0;0;0;0;0;0;0;0;0;0;0;0;0;0;0;0;0;0;0;0;0;0;0;0;0;0;0;0;0;0;0;1.38083e-96;6.89543e-95;1.75544e-93;3.03665e-92;4.01407e-91;4.3235e-90;3.95122e-89;3.15043e-88;2.23652e-87;1.43565e-86;8.43464e-86;4.58008e-85;2.31716e-84;1.09958e-83;4.92214e-83;2.08859e-82;8.4364e-82;3.25585e-81;1.20444e-80;4.28317e-80;1.46798e-79;4.86014e-79;1.55758e-78;4.84104e-78;1.46169e-77;4.29411e-77;1.22917e-76;3.43274e-76;9.36441e-76;2.49813e-75;6.52365e-75;1.66926e-74;4.18888e-74;1.03175e-73;2.49627e-73;5.93689e-73;1.38891e-72;3.19825e-72;7.25327e-72;1.62101e-71;3.57185e-71;7.7639e-71;1.66552e-70;3.52774e-70;7.38085e-70;1.526e-69;3.11894e-69;6.30407e-69;1.26052e-68;2.4942e-68;
0.125893;0;0;0;0;0;0;0;0;0;0;0;0;0;0;0;0;0;0;0;0;0;0;0;0;0;0;0;0;0;0;0;0;0;0;0;0;0;0;0;0;0;0;0;0;0;0;0;0;0;1.19406e-94;5.84591e-93;1.45965e-91;2.47737e-90;3.21417e-89;3.39903e-88;3.05093e-87;2.38996e-86;1.66742e-85;1.05221e-84;6.07892e-84;3.24684e-83;1.61617e-82;7.5477e-82;3.3259e-81;1.38957e-80;5.5279e-80;2.10156e-79;7.6601e-79;2.68461e-78;9.06972e-78;2.96052e-77;9.35625e-77;2.86818e-76;8.54317e-76;2.47636e-75;6.99533e-75;1.92826e-74;5.19288e-74;1.36778e-73;3.52725e-73;8.91415e-73;2.2097e-72;5.37715e-72;1.2855e-71;3.0214e-71;6.98635e-71;1.59029e-70;3.56567e-70;7.87935e-70;1.71694e-69;3.69104e-69;7.83211e-69;1.64111e-68;3.39711e-68;6.94975e-68;1.40566e-67;2.81191e-67;5.56522e-67;1.0901e-66;2.1139e-66;
0.144544;0;0;0;0;0;0;0;0;0;0;0;0;0;0;0;0;0;0;0;0;0;0;0;0;0;0;0;0;0;0;0;0;0;0;0;0;0;0;0;0;0;0;0;0;0;0;0;0;1.03255e-92;4.95415e-91;1.21275e-89;2.01877e-88;2.56979e-87;2.6673e-86;2.35064e-85;1.80852e-84;1.23965e-83;7.68789e-83;4.36631e-82;2.29327e-81;1.12282e-80;5.15919e-80;2.23734e-79;9.20177e-79;3.60432e-78;1.34953e-77;4.84562e-77;1.67328e-76;5.57118e-76;1.79258e-75;5.58545e-75;1.68848e-74;4.96049e-74;1.41846e-73;3.95356e-73;1.07548e-72;2.85873e-72;7.43333e-72;1.89268e-71;4.72352e-71;1.15646e-70;2.77989e-70;6.56586e-70;1.52487e-69;3.48451e-69;7.83961e-69;1.73758e-68;3.79612e-68;8.17906e-68;1.73881e-67;3.64914e-67;7.5633e-67;1.5488e-66;3.13485e-66;6.27395e-66;1.242e-65;2.43282e-65;4.71677e-65;9.05445e-65;1.72144e-64;
0.165959;0;0;0;0;0;0;0;0;0;0;0;0;0;0;0;0;0;0;0;0;0;0;0;0;0;0;0;0;0;0;0;0;0;0;0;0;0;0;0;0;0;0;0;0;0;0;0;8.92891e-91;4.19668e-89;1.0068e-87;1.64309e-86;2.05137e-85;2.08907e-84;1.80699e-83;1.36499e-82;9.18934e-82;5.59904e-81;3.12517e-80;1.61361e-79;7.76887e-79;3.51122e-78;1.49814e-77;6.06388e-77;2.33813e-76;8.61987e-76;3.0482e-75;1.03691e-74;3.40166e-74;1.07867e-73;3.31304e-73;9.87437e-73;2.8607e-72;8.06829e-72;2.21845e-71;5.95442e-71;1.56195e-70;4.00873e-70;1.00764e-69;2.48295e-69;6.00311e-69;1.42523e-68;3.32528e-68;7.62978e-68;1.72277e-67;3.83043e-67;8.39127e-67;1.81221e-66;3.86025e-66;8.11457e-66;1.68407e-65;3.45214e-65;6.99252e-65;1.40013e-64;2.77239e-64;5.4306e-64;1.05268e-63;2.01994e-63;3.83804e-63;7.22332e-63;1.34692e-62;
0.190546;0;0;0;0;0;0;0;0;0;0;0;0;0;0;0;0;0;0;0;0;0;0;0;0;0;0;0;0;0;0;0;0;0;0;0;0;0;0;0;0;0;0;0;0;0;0;7.72119e-89;3.55349e-87;8.35105e-86;1.33565e-84;1.63487e-83;1.63292e-82;1.3858e-81;1.02746e-80;6.79134e-80;4.06411e-79;2.22867e-78;1.1309e-77;5.35261e-77;2.37888e-76;9.98383e-76;3.97593e-75;1.50874e-74;5.47538e-74;1.90648e-73;6.38708e-73;2.0641e-72;6.44913e-72;1.95212e-71;5.73518e-71;1.63816e-70;4.55616e-70;1.23562e-69;3.27169e-69;8.46792e-69;2.14473e-68;5.32108e-68;1.29439e-67;3.08994e-67;7.24444e-67;1.6694e-66;3.78375e-66;8.44077e-66;1.85442e-65;4.01473e-65;8.56968e-65;1.80451e-64;3.75019e-64;7.6957e-64;1.56003e-63;3.12527e-63;6.1899e-63;1.2125e-62;2.34984e-62;4.50712e-62;8.5586e-62;1.60947e-61;2.99822e-61;5.53437e-61;1.01254e-60;
0.218776;0;0;0;0;0;0;0;0;0;0;0;0;0;0;0;0;0;0;0;0;0;0;0;0;0;0;0;0;0;0;0;0;0;0;0;0;0;0;0;0;0;0;0;0;0;6.67682e-87;3.00751e-85;6.9208e-84;1.08433e-82;1.30071e-81;1.27371e-80;1.06018e-79;7.71218e-79;5.00331e-78;2.93972e-77;1.58331e-76;7.8934e-76;3.67165e-75;1.60417e-74;6.62038e-74;2.5933e-73;9.68222e-73;3.45806e-72;1.18527e-71;3.90987e-71;1.24442e-70;3.83013e-70;1.14233e-69;3.3075e-69;9.31252e-69;2.55363e-68;6.8293e-68;1.78353e-67;4.55391e-67;1.13804e-66;2.78639e-66;6.69019e-66;1.57662e-65;3.6497e-65;8.30532e-65;1.85923e-64;4.09704e-64;8.89285e-64;1.90237e-63;4.01304e-63;8.35212e-63;1.71585e-62;3.48111e-62;6.97754e-62;1.38234e-61;2.70782e-61;5.24663e-61;1.00589e-60;1.90886e-60;3.58666e-60;6.67468e-60;1.23061e-59;2.24843e-59;4.07214e-59;7.3124e-59;
0.251189;0;0;0;0;0;0;0;0;0;0;0;0;0;0;0;0;0;0;0;0;0;0;0;0;0;0;0;0;0;0;0;0;0;0;0;0;0;0;0;0;0;0;0;0;5.77372e-85;2.54422e-83;5.7302e-82;8.79098e-81;1.03303e-79;9.91361e-79;8.08999e-78;5.77191e-77;3.67396e-76;2.11871e-75;1.1204e-74;5.48593e-74;2.50708e-73;1.07649e-72;4.36744e-72;1.68231e-71;6.17811e-71;2.17099e-70;7.32321e-70;2.37802e-69;7.45235e-69;2.25901e-68;6.63701e-68;1.89345e-67;5.254e-67;1.42016e-66;3.7446e-66;9.64371e-66;2.42865e-65;5.9874e-65;1.44644e-64;3.4273e-64;7.97208e-64;1.82182e-63;4.09338e-63;9.04905e-63;1.96949e-62;4.22284e-62;8.9249e-62;1.86032e-61;3.82631e-61;7.76947e-61;1.55818e-60;3.0878e-60;6.04869e-60;1.17172e-59;2.2454e-59;4.25821e-59;7.99401e-59;1.48609e-58;2.73652e-58;4.99287e-58;9.02855e-58;1.61851e-57;2.87709e-57;5.07262e-57;
0.288403;0;0;0;0;0;0;0;0;0;0;0;0;0;0;0;0;0;0;0;0;0;0;0;0;0;0;0;0;0;0;0;0;0;0;0;0;0;0;0;0;0;0;0;4.99277e-83;2.15123e-81;4.73985e-80;7.11703e-79;8.1891e-78;7.69856e-77;6.15685e-76;4.30663e-75;2.6886e-74;1.52124e-73;7.89566e-73;3.79582e-72;1.70375e-71;7.18737e-71;2.86576e-70;1.08518e-69;3.91887e-69;1.35454e-68;4.49554e-68;1.43666e-67;4.43201e-67;1.32282e-66;3.82765e-66;1.0757e-65;2.94104e-65;7.83461e-65;2.03631e-64;5.17047e-64;1.28406e-63;3.12232e-63;7.44111e-63;1.73968e-62;3.99342e-62;9.00763e-62;1.99798e-61;4.36102e-61;9.37316e-61;1.98495e-60;4.14409e-60;8.53411e-60;1.73444e-59;3.48047e-59;6.89914e-59;1.35149e-58;2.61741e-58;5.01344e-58;9.50088e-58;1.782e-57;3.30908e-57;6.08558e-57;1.10872e-56;2.00164e-56;3.58192e-56;6.3551e-56;1.11819e-55;1.95162e-55;3.37957e-55;
0.331131;0;0;0;0;0;0;0;0;0;0;0;0;0;0;0;0;0;0;0;0;0;0;0;0;0;0;0;0;0;0;0;0;0;0;0;0;0;0;0;0;0;0;4.31745e-81;1.81801e-79;3.91671e-78;5.7533e-77;6.47921e-76;5.9643e-75;4.67263e-74;3.20312e-73;1.96052e-72;1.08797e-71;5.54041e-71;2.61426e-70;1.15209e-69;4.77348e-69;1.86993e-68;6.95892e-68;2.4705e-67;8.39704e-67;2.74123e-66;8.61914e-66;2.6168e-65;7.68845e-65;2.19051e-64;6.06293e-64;1.63294e-63;4.28609e-63;1.09788e-62;2.74791e-62;6.7283e-62;1.61336e-61;3.79237e-61;8.74667e-61;1.98106e-60;4.40981e-60;9.65456e-60;2.08034e-59;4.41478e-59;9.2325e-59;1.90376e-58;3.87278e-58;7.77621e-58;1.5419e-57;3.02053e-57;5.84833e-57;1.11964e-56;2.12026e-56;3.973e-56;7.36918e-56;1.35341e-55;2.46201e-55;4.43733e-55;7.92596e-55;1.40345e-54;2.46414e-54;4.29109e-54;7.41317e-54;1.27078e-53;2.16204e-53;
0.380189;0;0;0;0;0;0;0;0;0;0;0;0;0;0;0;0;0;0;0;0;0;0;0;0;0;0;0;0;0;0;0;0;0;0;0;0;0;0;0;0;0;3.73347e-79;1.53557e-77;3.2331e-76;4.64368e-75;5.116e-74;4.6093e-73;3.53592e-72;2.37447e-71;1.42429e-70;7.74912e-70;3.87037e-69;1.79182e-68;7.75039e-68;3.1529e-67;1.21307e-66;4.4353e-66;1.54747e-65;5.17067e-65;1.65987e-64;5.13362e-64;1.53348e-63;4.4341e-63;1.2436e-62;3.38918e-62;8.98999e-62;2.3245e-61;5.86676e-61;1.44715e-60;3.49283e-60;8.25757e-60;1.91411e-59;4.35429e-59;9.72911e-59;2.13686e-58;4.61684e-58;9.81929e-58;2.05712e-57;4.24763e-57;8.64943e-57;1.73785e-56;3.44698e-56;6.75262e-56;1.3071e-55;2.50108e-55;4.73265e-55;8.85939e-55;1.64127e-54;3.01012e-54;5.46706e-54;9.8361e-54;1.75356e-53;3.0986e-53;5.42844e-53;9.43105e-53;1.62527e-52;2.77889e-52;4.71514e-52;7.94123e-52;1.32782e-51;
0.436516;0;0;0;0;0;0;0;0;0;0;0;0;0;0;0;0;0;0;0;0;0;0;0;0;0;0;0;0;0;0;0;0;0;0;0;0;0;0;0;0;3.22848e-77;1.29628e-75;2.66585e-74;3.742e-73;4.03106e-72;3.55294e-71;2.66761e-70;1.75409e-69;1.03071e-68;5.49574e-68;2.69113e-67;1.22195e-66;5.18582e-66;2.07059e-65;7.82184e-65;2.80886e-64;9.62834e-64;3.16179e-63;9.97805e-63;3.03462e-62;8.91637e-62;2.53667e-61;7.00165e-61;1.87838e-60;4.90596e-60;1.24932e-59;3.10613e-59;7.54938e-59;1.79574e-58;4.18485e-58;9.5641e-58;2.14551e-57;4.7283e-57;1.02449e-56;2.18403e-56;4.58407e-56;9.47904e-56;1.93223e-55;3.88486e-55;7.7081e-55;1.51004e-54;2.92217e-54;5.58838e-54;1.05661e-53;1.97589e-53;3.65589e-53;6.69516e-53;1.21398e-52;2.18014e-52;3.87893e-52;6.83945e-52;1.19545e-51;2.07184e-51;3.56129e-51;6.07279e-51;1.02754e-50;1.72557e-50;2.87662e-50;4.76142e-50;7.82669e-50;
0.501187;0;0;0;0;0;0;0;0;0;0;0;0;0;0;0;0;0;0;0;0;0;0;0;0;0;0;0;0;0;0;0;0;0;0;0;0;0;0;0;2.7918e-75;1.09363e-73;2.19558e-72;3.01028e-71;3.16918e-70;2.73126e-69;2.00614e-68;1.2911e-67;7.42866e-67;3.8802e-66;1.86207e-65;8.28941e-65;3.45036e-64;1.3517e-63;5.01169e-63;1.76704e-62;5.94909e-62;1.91935e-61;5.95284e-61;1.77979e-60;5.14236e-60;1.43903e-59;3.90799e-59;1.0318e-58;2.65282e-58;6.65171e-58;1.62877e-57;3.8997e-57;9.13987e-57;2.09916e-56;4.72902e-56;1.04594e-55;2.2731e-55;4.85782e-55;1.02163e-54;2.11576e-54;4.31756e-54;8.68691e-54;1.72421e-53;3.37785e-53;6.53476e-53;1.249e-52;2.35953e-52;4.40758e-52;8.14439e-52;1.48923e-51;2.69562e-51;4.8317e-51;8.57869e-51;1.50922e-50;2.63161e-50;4.54929e-50;7.79892e-50;1.32618e-49;2.23743e-49;3.74606e-49;6.22549e-49;1.02715e-48;1.68286e-48;2.73837e-48;4.42638e-48;
0.57544;0;0;0;0;0;0;0;0;0;0;0;0;0;0;0;0;0;0;0;0;0;0;0;0;0;0;0;0;0;0;0;0;0;0;0;0;0;0;2.41418e-73;9.22078e-72;1.80606e-70;2.41732e-69;2.48579e-68;2.09366e-67;1.50367e-66;9.46709e-66;5.33133e-65;2.72675e-64;1.28186e-63;5.59248e-63;2.28221e-62;8.76892e-62;3.18998e-61;1.10393e-60;3.64911e-60;1.15631e-59;3.52345e-59;1.03531e-58;2.94069e-58;8.09221e-58;2.16164e-57;5.61533e-57;1.42085e-56;3.50707e-56;8.45568e-56;1.99388e-55;4.60349e-55;1.04177e-54;2.31295e-54;5.04271e-54;1.0805e-53;2.27712e-53;4.72343e-53;9.65014e-53;1.94306e-52;3.85809e-52;7.55843e-52;1.4618e-51;2.79227e-51;5.27033e-51;9.83371e-51;1.81458e-50;3.31269e-50;5.98541e-50;1.07069e-49;1.89687e-49;3.32928e-49;5.7907e-49;9.98397e-49;1.70681e-48;2.89394e-48;4.86769e-48;8.12433e-48;1.3458e-47;2.21307e-47;3.61345e-47;5.85931e-47;9.43733e-47;1.51011e-46;2.40106e-46;
0.660693;0;0;0;0;0;0;0;0;0;0;0;0;0;0;0;0;0;0;0;0;0;0;0;0;0;0;0;0;0;0;0;0;0;0;0;0;0;2.08764e-71;7.7693e-70;1.48375e-68;1.93753e-67;1.94501e-66;1.60013e-65;1.12312e-64;6.91417e-64;3.80911e-63;1.90679e-62;8.77741e-62;3.75132e-61;1.50027e-60;5.6516e-60;2.01646e-59;6.84671e-59;2.22137e-58;6.91114e-58;2.06837e-57;5.97107e-57;1.66682e-56;4.50915e-56;1.18446e-55;3.02654e-55;7.53474e-55;1.83032e-54;4.34412e-54;1.00863e-53;2.2935e-53;5.11284e-53;1.1185e-52;2.40328e-52;5.07608e-52;1.05473e-51;2.15749e-51;4.34757e-51;8.6358e-51;1.69188e-50;3.27106e-50;6.24427e-50;1.17749e-49;2.19441e-49;4.0434e-49;7.36923e-49;1.32896e-48;2.37231e-48;4.19328e-48;7.34176e-48;1.27364e-47;2.18987e-47;3.73284e-47;6.30997e-47;1.05802e-46;1.76011e-46;2.90583e-46;4.76191e-46;7.74755e-46;1.25172e-45;2.00862e-45;3.20195e-45;5.07147e-45;7.98237e-45;1.24876e-44;
0.758578;0;0;0;0;0;0;0;0;0;0;0;0;0;0;0;0;0;0;0;0;0;0;0;0;0;0;0;0;0;0;0;0;0;0;0;0;1.80527e-69;6.54177e-68;1.21732e-66;1.5499e-65;1.51798e-64;1.21911e-63;8.35807e-63;5.02857e-62;2.70881e-61;1.32655e-60;5.97664e-60;2.50116e-59;9.79905e-59;3.61761e-58;1.26547e-57;4.21425e-57;1.34152e-56;4.09657e-56;1.20376e-55;3.41311e-55;9.36079e-55;2.48871e-54;6.42672e-54;1.61483e-53;3.9544e-53;9.45124e-53;2.20764e-52;5.04577e-52;1.12973e-51;2.48039e-51;5.34532e-51;1.13167e-50;2.35568e-50;4.82493e-50;9.73089e-50;1.9337e-49;3.78849e-49;7.32213e-49;1.39681e-48;2.63143e-48;4.89783e-48;9.01098e-48;1.63939e-47;2.95058e-47;5.2555e-47;9.26742e-47;1.61842e-46;2.79994e-46;4.80028e-46;8.1578e-46;1.37463e-45;2.29734e-45;3.80887e-45;6.2662e-45;1.02317e-44;1.65855e-44;2.6695e-44;4.26721e-44;6.77565e-44;1.06889e-43;1.67559e-43;2.6105e-43;4.04276e-43;6.22434e-43;
0.870964;0;0;0;0;0;0;0;0;0;0;0;0;0;0;0;0;0;0;0;0;0;0;0;0;0;0;0;0;0;0;0;0;0;0;0;1.56109e-67;5.50418e-66;9.97308e-65;1.23726e-63;1.1815e-62;9.25761e-62;6.19595e-61;3.64115e-60;1.9169e-59;9.17898e-59;4.04571e-58;1.65711e-57;6.35712e-57;2.29908e-56;7.88173e-56;2.57337e-55;8.03446e-55;2.40724e-54;6.94276e-54;1.93279e-53;5.20636e-53;1.35995e-52;3.4514e-52;8.5255e-52;2.05299e-51;4.82646e-51;1.10922e-50;2.49506e-50;5.49924e-50;1.18885e-49;2.52326e-49;5.26248e-49;1.07936e-48;2.17878e-48;4.33149e-48;8.48645e-48;1.63962e-47;3.12563e-47;5.88224e-47;1.0934e-46;2.00841e-46;3.64718e-46;6.55052e-46;1.16408e-45;2.04758e-45;3.56619e-45;6.15205e-45;1.05154e-44;1.78139e-44;2.99185e-44;4.98298e-44;8.23228e-44;1.3494e-43;2.19511e-43;3.54458e-43;5.68275e-43;9.04751e-43;1.43074e-42;2.2477e-42;3.50865e-42;5.44303e-42;8.39292e-42;1.28655e-41;1.96087e-41;2.97196e-41;
1;0;0;0;0;0;0;0;0;0;0;0;0;0;0;0;0;0;0;0;0;0;0;0;0;0;0;0;0;0;0;0;0;0;0;1.34994e-65;4.62759e-64;8.15837e-63;9.85514e-62;9.16998e-61;7.00564e-60;4.57451e-59;2.62435e-58;1.3495e-57;6.31534e-57;2.72175e-56;1.09061e-55;4.09499e-55;1.45016e-54;4.87012e-54;1.55833e-53;4.77007e-53;1.40174e-52;3.96661e-52;1.08384e-51;2.86655e-51;7.35417e-51;1.83372e-50;4.45161e-50;1.05384e-49;2.43629e-49;5.50748e-49;1.2189e-48;2.64395e-48;5.62664e-48;1.17589e-47;2.41533e-47;4.88016e-47;9.70647e-47;1.90178e-46;3.67293e-46;6.99653e-46;1.31528e-45;2.44144e-45;4.47701e-45;8.1142e-45;1.45416e-44;2.57792e-44;4.52258e-44;7.85463e-44;1.35095e-43;2.30185e-43;3.8866e-43;6.50507e-43;1.07956e-42;1.77693e-42;2.9016e-42;4.70168e-42;7.56171e-42;1.20736e-41;1.91422e-41;3.01425e-41;4.71499e-41;7.32789e-41;1.13175e-40;1.73729e-40;2.65101e-40;4.02199e-40;6.06771e-40;9.10388e-40;1.35865e-39;
1.14815;0;0;0;0;0;0;0;0;0;0;0;0;0;0;0;0;0;0;0;0;0;0;0;0;0;0;0;0;0;0;0;0;0;1.16734e-63;3.88743e-62;6.66329e-61;7.83179e-60;7.09572e-59;5.2821e-58;3.36295e-57;1.88228e-56;9.44897e-56;4.31917e-55;1.8192e-54;7.12779e-54;2.61821e-53;9.07485e-53;2.98423e-52;9.35426e-52;2.80618e-51;8.08479e-51;2.24389e-50;6.01576e-50;1.56163e-49;3.93366e-49;9.63351e-49;2.29771e-48;5.3458e-48;1.21495e-47;2.70082e-47;5.87956e-47;1.25482e-46;2.62811e-46;5.40673e-46;1.09352e-45;2.17605e-45;4.26362e-45;8.2311e-45;1.5667e-44;2.94185e-44;5.45267e-44;9.98112e-44;1.80528e-43;3.22782e-43;5.7077e-43;9.98574e-43;1.72916e-42;2.96474e-42;5.03483e-42;8.47175e-42;1.41282e-41;2.33591e-41;3.83003e-41;6.22932e-41;1.00527e-40;1.61004e-40;2.55975e-40;4.04079e-40;6.33479e-40;9.86468e-40;1.52617e-39;2.34623e-39;3.58479e-39;5.44448e-39;8.22087e-39;1.23429e-38;1.84296e-38;2.73704e-38;4.04361e-38;5.94345e-38;
1.31826;0;0;0;0;0;0;0;0;0;0;0;0;0;0;0;0;0;0;0;0;0;0;0;0;0;0;0;0;0;0;0;0;1.00945e-61;3.26284e-60;5.43307e-59;6.20862e-58;5.47323e-57;3.96721e-56;2.46111e-55;1.34311e-54;6.57811e-54;2.93538e-53;1.20764e-52;4.62426e-52;1.6609e-51;5.63181e-51;1.81265e-50;5.56367e-50;1.63503e-49;4.61657e-49;1.25622e-48;3.30321e-48;8.41327e-48;2.08008e-47;5.00164e-47;1.17169e-46;2.67829e-46;5.98223e-46;1.30735e-45;2.7987e-45;5.87531e-45;1.21073e-44;2.45133e-44;4.88057e-44;9.56298e-44;1.84539e-43;3.50955e-43;6.58203e-43;1.21807e-42;2.22549e-42;4.01654e-42;7.16406e-42;1.26342e-41;2.20398e-41;3.80464e-41;6.50179e-41;1.10033e-40;1.84473e-40;3.06482e-40;5.04746e-40;8.24259e-40;1.33505e-39;2.1453e-39;3.42095e-39;5.41473e-39;8.50897e-39;1.32783e-38;2.05807e-38;3.169e-38;4.84849e-38;7.37213e-38;1.11419e-37;1.67406e-37;2.50096e-37;3.71559e-37;5.49032e-37;8.07011e-37;1.18013e-36;1.71716e-36;2.4864e-36;
1.51356;0;0;0;0;0;0;0;0;0;0;0;0;0;0;0;0;0;0;0;0;0;0;0;0;0;0;0;0;0;0;0;8.72912e-60;2.73609e-58;4.42209e-57;4.9091e-56;4.20756e-55;2.96746e-54;1.79251e-53;9.53184e-53;4.55181e-52;1.9817e-51;7.95902e-51;2.97686e-50;1.04494e-49;3.46456e-49;1.0909e-48;3.27722e-48;9.43064e-48;2.60852e-47;6.95636e-47;1.79335e-46;4.47998e-46;1.08676e-45;2.56486e-45;5.89943e-45;1.32448e-44;2.90656e-44;6.24267e-44;1.31379e-43;2.71217e-43;5.49755e-43;1.09517e-42;2.14593e-42;4.13918e-42;7.86489e-42;1.47313e-41;2.72167e-41;4.96283e-41;8.93636e-41;1.58984e-40;2.79588e-40;4.86239e-40;8.36635e-40;1.42479e-39;2.40246e-39;4.01247e-39;6.63991e-39;1.08905e-38;1.77093e-38;2.85592e-38;4.5688e-38;7.25241e-38;1.1426e-37;1.78707e-37;2.77536e-37;4.28078e-37;6.55904e-37;9.98518e-37;1.51061e-36;2.27146e-36;3.39538e-36;5.04633e-36;7.4582e-36;1.0963e-35;1.60296e-35;2.33172e-35;3.37479e-35;4.86061e-35;6.96725e-35;9.94053e-35;
1.7378;0;0;0;0;0;0;0;0;0;0;0;0;0;0;0;0;0;0;0;0;0;0;0;0;0;0;0;0;0;0;7.54842e-58;2.29214e-56;3.59244e-55;3.87091e-54;3.22304e-53;2.21004e-52;1.29895e-51;6.72574e-51;3.12954e-50;1.32847e-49;5.20555e-49;1.9007e-48;6.51693e-48;2.1117e-47;6.50164e-47;1.91079e-46;5.38177e-46;1.45764e-45;3.80802e-45;9.6211e-45;2.35641e-44;5.6065e-44;1.29827e-43;2.93096e-43;6.46088e-43;1.39257e-42;2.93858e-42;6.07796e-42;1.2335e-41;2.45873e-41;4.81792e-41;9.2886e-41;1.76326e-40;3.29817e-40;6.08284e-40;1.10685e-39;1.98823e-39;3.52762e-39;6.18519e-39;1.07223e-38;1.83855e-38;3.11965e-38;5.24019e-38;8.71692e-38;1.4365e-37;2.34598e-37;3.79797e-37;6.09704e-37;9.70845e-37;1.53378e-36;2.40473e-36;3.74257e-36;5.78324e-36;8.87498e-36;1.35285e-35;2.04884e-35;3.08334e-35;4.61184e-35;6.85708e-35;1.01366e-34;1.49004e-34;2.17837e-34;3.16775e-34;4.58269e-34;6.59627e-34;9.44805e-34;1.34681e-33;1.91092e-33;2.699e-33;3.79521e-33;
1.99526;0;0;0;0;0;0;0;0;0;0;0;0;0;0;0;0;0;0;0;0;0;0;0;0;0;0;0;0;0;6.52743e-56;1.91824e-54;2.91257e-53;3.04334e-52;2.45954e-51;1.63838e-50;9.36241e-50;4.71684e-49;2.1371e-48;8.8396e-48;3.37728e-47;1.20311e-46;4.02704e-46;1.27459e-45;3.83526e-45;1.10215e-44;3.03686e-44;8.05057e-44;2.05944e-43;5.09725e-43;1.2235e-42;2.85406e-42;6.48217e-42;1.43585e-41;3.10664e-41;6.57453e-41;1.36263e-40;2.76904e-40;5.52302e-40;1.08228e-39;2.08549e-39;3.95492e-39;7.38689e-39;1.35984e-38;2.46888e-38;4.42349e-38;7.82589e-38;1.36784e-37;2.36315e-37;4.03742e-37;6.82439e-37;1.1417e-36;1.89121e-36;3.10302e-36;5.04474e-36;8.12917e-36;1.2988e-35;2.05803e-35;3.23518e-35;5.0466e-35;7.81377e-35;1.20113e-34;1.8335e-34;2.77993e-34;4.18733e-34;6.26723e-34;9.32248e-34;1.37843e-33;2.02631e-33;2.96191e-33;4.30576e-33;6.22593e-33;8.95569e-33;1.28172e-32;1.82536e-32;2.58714e-32;3.64971e-32;5.12527e-32;7.16547e-32;9.97449e-32;1.38261e-31;
2.29087;0;0;0;0;0;0;0;0;0;0;0;0;0;0;0;0;0;0;0;0;0;0;0;0;0;0;0;0;5.64453e-54;1.60354e-52;2.3563e-51;2.38524e-50;1.86934e-49;1.20865e-48;6.70965e-48;3.28659e-47;1.4489e-46;5.83552e-46;2.17245e-45;7.5459e-45;2.46424e-44;7.61413e-44;2.23791e-43;6.28526e-43;1.69341e-42;4.39175e-42;1.09961e-41;2.66501e-41;6.2666e-41;1.43263e-40;3.19014e-40;6.93081e-40;1.47133e-39;3.05623e-39;6.21941e-39;1.24135e-38;2.43261e-38;4.68493e-38;8.87496e-38;1.65507e-37;3.04075e-37;5.50762e-37;9.84118e-37;1.73578e-36;3.02377e-36;5.20525e-36;8.85903e-36;1.49137e-35;2.48442e-35;4.09718e-35;6.69163e-35;1.08274e-34;1.73624e-34;2.76012e-34;4.35126e-34;6.80447e-34;1.05581e-33;1.62594e-33;2.48573e-33;3.77347e-33;5.68933e-33;8.52133e-33;1.26814e-32;1.87554e-32;2.75719e-32;4.02959e-32;5.85579e-32;8.46274e-32;1.21648e-31;1.73952e-31;2.47484e-31;3.50365e-31;4.93632e-31;6.92232e-31;9.66314e-31;1.34293e-30;1.85825e-30;2.56047e-30;3.51353e-30;4.80198e-30;
2.63027;0;0;0;0;0;0;0;0;0;0;0;0;0;0;0;0;0;0;0;0;0;0;0;0;0;0;0;4.88105e-52;1.33888e-50;1.90189e-49;1.86323e-48;1.41465e-47;8.86984e-47;4.77934e-46;2.27427e-45;9.74805e-45;3.82013e-44;1.38479e-43;4.68688e-43;1.49238e-42;4.49895e-42;1.29088e-41;3.54133e-41;9.32483e-41;2.36469e-40;5.79226e-40;1.37401e-39;3.16372e-39;7.0854e-39;1.54627e-38;3.29367e-38;6.85795e-38;1.39771e-37;2.79178e-37;5.47114e-37;1.05306e-36;1.99258e-36;3.70976e-36;6.80132e-36;1.2288e-35;2.1893e-35;3.849e-35;6.68139e-35;1.14579e-34;1.94216e-34;3.25552e-34;5.39895e-34;8.86212e-34;1.44039e-33;2.319e-33;3.69959e-33;5.85043e-33;9.17359e-33;1.42672e-32;2.20147e-32;3.37112e-32;5.12434e-32;7.73407e-32;1.15927e-31;1.7261e-31;2.55353e-31;3.75402e-31;5.48549e-31;7.96851e-31;1.15095e-30;1.6532e-30;2.36186e-30;3.35667e-30;4.74625e-30;6.67793e-30;9.35062e-30;1.30317e-29;1.80793e-29;2.49705e-29;3.43393e-29;4.70241e-29;6.413e-29;8.71078e-29;1.17856e-28;1.58848e-28;
3.01995;0;0;0;0;0;0;0;0;0;0;0;0;0;0;0;0;0;0;0;0;0;0;0;0;0;0;4.22084e-50;1.11648e-48;1.53135e-47;1.45027e-46;1.06564e-45;6.47303e-45;3.38232e-44;1.56223e-43;6.50502e-43;2.47853e-42;8.7422e-42;2.88109e-41;8.93905e-41;2.62753e-40;7.35561e-40;1.96994e-39;5.06675e-39;1.25574e-38;3.0077e-38;6.97992e-38;1.57304e-37;3.44972e-37;7.37516e-37;1.53962e-36;3.14303e-36;6.28288e-36;1.23133e-35;2.3685e-35;4.47611e-35;8.31881e-35;1.52169e-34;2.74185e-34;4.86999e-34;8.53251e-34;1.47558e-33;2.52025e-33;4.25358e-33;7.09773e-33;1.17151e-32;1.91349e-32;3.0942e-32;4.95541e-32;7.86292e-32;1.23655e-31;1.92801e-31;2.98134e-31;4.57347e-31;6.962e-31;1.05194e-30;1.57808e-30;2.35096e-30;3.47892e-30;5.11468e-30;7.47232e-30;1.08503e-29;1.56623e-29;2.24791e-29;3.20837e-29;4.55449e-29;6.43154e-29;9.03596e-29;1.26322e-28;1.75748e-28;2.43368e-28;3.35469e-28;4.60375e-28;6.29058e-28;8.55927e-28;1.15984e-27;1.56537e-27;2.10446e-27;2.81843e-27;3.76061e-27;4.99956e-27;
3.46737;0;0;0;0;0;0;0;0;0;0;0;0;0;0;0;0;0;0;0;0;0;0;0;0;0;3.64993e-48;9.29754e-47;1.22974e-45;1.12452e-44;7.98782e-44;4.69575e-43;2.37708e-42;1.0647e-41;4.30319e-41;1.59282e-40;5.46236e-40;1.75162e-39;5.2919e-39;1.51568e-38;4.13719e-38;1.08103e-37;2.71438e-37;6.57119e-37;1.53821e-36;3.49056e-36;7.69594e-36;1.65192e-35;3.45824e-35;7.07236e-35;1.41498e-34;2.77321e-34;5.33073e-34;1.00609e-33;1.86626e-33;3.40554e-33;6.11859e-33;1.08319e-32;1.89087e-32;3.25694e-32;5.53888e-32;9.30567e-32;1.54533e-31;2.53783e-31;4.12357e-31;6.63205e-31;1.05624e-30;1.66644e-30;2.60547e-30;4.03831e-30;6.2069e-30;9.46328e-30;1.43162e-29;2.14957e-29;3.20426e-29;4.74309e-29;6.97355e-29;1.0186e-28;1.47842e-28;2.13271e-28;3.05831e-28;4.36043e-28;6.18232e-28;8.71805e-28;1.22293e-27;1.70673e-27;2.37014e-27;3.27557e-27;4.50571e-27;6.1696e-27;8.41053e-27;1.1416e-26;1.54303e-26;2.07709e-26;2.78484e-26;3.71924e-26;4.94834e-26;6.55927e-26;8.66327e-26;1.14019e-25;1.49546e-25;
3.98107;0;0;0;0;0;0;0;0;0;0;0;0;0;0;0;0;0;0;0;0;0;0;0;0;3.15625e-46;7.7311e-45;9.84735e-44;8.68362e-43;5.95582e-42;3.38467e-41;1.6582e-40;7.19543e-40;2.82017e-39;1.01324e-38;3.37565e-38;1.05246e-37;3.09386e-37;8.62856e-37;2.29497e-36;5.84708e-36;1.43242e-35;3.38534e-35;7.74068e-35;1.71671e-34;3.70108e-34;7.77203e-34;1.59252e-33;3.18916e-33;6.25074e-33;1.20065e-32;2.2628e-32;4.18879e-32;7.62386e-32;1.36552e-31;2.4089e-31;4.18864e-31;7.18404e-31;1.21616e-30;2.03332e-30;3.35938e-30;5.48758e-30;8.86721e-30;1.418e-29;2.24511e-29;3.52085e-29;5.47106e-29;8.42683e-29;1.28698e-28;1.94955e-28;2.93009e-28;4.37055e-28;6.47164e-28;9.51543e-28;1.38957e-27;2.01592e-27;2.90602e-27;4.1634e-27;5.92933e-27;8.39563e-27;1.18214e-26;1.65548e-26;2.30619e-26;3.19627e-26;4.40794e-26;6.04972e-26;8.26417e-26;1.12379e-25;1.52141e-25;2.05087e-25;2.75299e-25;3.68044e-25;4.90078e-25;6.50051e-25;8.58992e-25;1.13092e-24;1.48358e-24;1.93941e-24;2.52663e-24;3.28068e-24;4.2459e-24;
4.57088;0;0;0;0;0;0;0;0;0;0;0;0;0;0;0;0;0;0;0;0;0;0;0;2.72933e-44;6.41832e-43;7.86121e-42;6.6758e-41;4.41543e-40;2.42288e-39;1.1475e-38;4.81899e-38;1.82983e-37;6.37538e-37;2.06164e-36;6.24445e-36;1.78477e-35;4.84335e-35;1.25438e-34;3.11411e-34;7.43868e-34;1.71526e-33;3.82883e-33;8.29454e-33;1.74769e-32;3.5887e-32;7.19399e-32;1.41009e-31;2.70636e-31;5.09264e-31;9.40644e-31;1.70725e-30;3.04773e-30;5.35618e-30;9.27441e-30;1.58343e-29;2.66746e-29;4.43672e-29;7.29041e-29;1.18416e-28;1.90223e-28;3.02356e-28;4.75747e-28;7.41342e-28;1.14451e-27;1.75121e-27;2.65663e-27;3.99704e-27;5.96619e-27;8.83759e-27;1.29948e-26;1.89723e-26;2.751e-26;3.96264e-26;5.67151e-26;8.06727e-26;1.14066e-25;1.60349e-25;2.24152e-25;3.11644e-25;4.31007e-25;5.9305e-25;8.11978e-25;1.10638e-24;1.5005e-24;2.02579e-24;2.72292e-24;3.64426e-24;4.85702e-24;6.4471e-24;8.52394e-24;1.12264e-23;1.47303e-23;1.92572e-23;2.50856e-23;3.25645e-23;4.21299e-23;5.43248e-23;6.98235e-23;8.9461e-23;1.14269e-22;
5.24807;0;0;0;0;0;0;0;0;0;0;0;0;0;0;0;0;0;0;0;0;0;0;2.36016e-42;5.31923e-41;6.25479e-40;5.10762e-39;3.2533e-38;1.72153e-37;7.87266e-37;3.19615e-36;1.17454e-35;3.96461e-35;1.24328e-34;3.65522e-34;1.01494e-33;2.67791e-33;6.74849e-33;1.63139e-32;3.79723e-32;8.53752e-32;1.8594e-31;3.93244e-31;8.09366e-31;1.62428e-30;3.18393e-30;6.10555e-30;1.14697e-29;2.11347e-29;3.82431e-29;6.80267e-29;1.19067e-28;2.05241e-28;3.48702e-28;5.8436e-28;9.66587e-28;1.5791e-27;2.54944e-27;4.06988e-27;6.42748e-27;1.00468e-26;1.55504e-26;2.38426e-26;3.62274e-26;5.45695e-26;8.15157e-26;1.20796e-25;1.77628e-25;2.59268e-25;3.75732e-25;5.40769e-25;7.73136e-25;1.09827e-24;1.55049e-24;2.17581e-24;3.03567e-24;4.21162e-24;5.81143e-24;7.97682e-24;1.08933e-23;1.48026e-23;2.00185e-23;2.69464e-23;3.6108e-23;4.81722e-23;6.39931e-23;8.46574e-23;1.11543e-22;1.46389e-22;1.91388e-22;2.49288e-22;3.23527e-22;4.18391e-22;5.39209e-22;6.9258e-22;8.86663e-22;1.13151e-21;1.43946e-21;1.82564e-21;2.30855e-21;2.9107e-21;
6.0256;0;0;0;0;0;0;0;0;0;0;0;0;0;0;0;0;0;0;0;0;0;2.04093e-40;4.40004e-39;4.95866e-38;3.88749e-37;2.38105e-36;1.21338e-35;5.35104e-35;2.09764e-34;7.45209e-34;2.43444e-33;7.39621e-33;2.10872e-32;5.6834e-32;1.45682e-31;3.56954e-31;8.39642e-31;1.90306e-30;4.16933e-30;8.85408e-30;1.827e-29;3.67102e-29;7.19641e-29;1.37869e-28;2.58523e-28;4.7513e-28;8.56935e-28;1.51843e-27;2.64605e-27;4.53908e-27;7.67143e-27;1.2784e-26;2.1021e-26;3.41294e-26;5.47474e-26;8.68173e-26;1.36173e-25;2.11364e-25;3.24811e-25;4.94398e-25;7.45669e-25;1.11482e-24;1.65273e-24;2.43047e-24;3.54652e-24;5.13652e-24;7.38602e-24;1.05473e-23;1.49614e-23;2.10865e-23;2.95349e-23;4.11204e-23;5.69191e-23;7.83466e-23;1.07256e-22;1.46064e-22;1.97902e-22;2.66817e-22;3.58014e-22;4.78155e-22;6.35743e-22;8.4158e-22;1.10934e-21;1.45626e-21;1.90402e-21;2.47975e-21;3.21733e-21;4.1589e-21;5.35671e-21;6.87536e-21;8.79448e-21;1.12119e-20;1.42475e-20;1.80478e-20;2.27913e-20;2.86949e-20;3.60216e-20;4.50895e-20;5.62818e-20;7.00602e-20;
6.91831;0;0;0;0;0;0;0;0;0;0;0;0;0;0;0;0;0;0;0;0;1.76487e-38;3.63219e-37;3.91563e-36;2.94207e-35;1.73003e-34;8.47773e-34;3.60049e-33;1.36111e-32;4.66906e-32;1.47455e-31;4.33571e-31;1.19761e-30;3.1302e-30;7.78819e-30;1.8539e-29;4.24001e-29;9.35101e-29;1.99492e-28;4.12814e-28;8.30594e-28;1.62835e-27;3.11634e-27;5.8319e-27;1.06879e-26;1.9208e-26;3.38928e-26;5.87827e-26;1.00311e-25;1.68576e-25;2.79233e-25;4.5624e-25;7.3584e-25;1.17226e-24;1.84577e-24;2.87401e-24;4.42777e-24;6.75269e-24;1.01991e-23;1.52623e-23;2.26376e-23;3.32925e-23;4.8565e-23;7.02912e-23;1.00975e-22;1.44008e-22;2.03956e-22;2.86931e-22;4.01065e-22;5.57117e-22;7.69253e-22;1.05602e-21;1.44158e-21;1.95727e-21;2.64355e-21;3.55238e-21;4.75025e-21;6.32186e-21;8.3747e-21;1.10446e-20;1.45025e-20;1.89628e-20;2.46937e-20;3.20288e-20;4.13824e-20;5.32668e-20;6.83139e-20;8.73002e-20;1.11177e-19;1.41108e-19;1.78508e-19;2.25099e-19;2.82965e-19;3.54624e-19;4.43113e-19;5.52078e-19;6.85896e-19;8.49798e-19;1.05003e-18;1.29402e-18;1.59061e-18;
7.94328;0;0;0;0;0;0;0;0;0;0;0;0;0;0;0;0;0;0;0;1.52616e-36;2.99156e-35;3.07865e-34;2.21279e-33;1.24707e-32;5.86708e-32;2.3961e-31;8.72326e-31;2.88574e-30;8.79997e-30;2.50146e-29;6.68717e-29;1.69335e-28;4.08586e-28;9.44071e-28;2.09765e-27;4.49807e-27;9.33749e-27;1.88155e-26;3.68897e-26;7.0519e-26;1.31679e-25;2.40577e-25;4.30683e-25;7.56486e-25;1.30528e-24;2.21483e-24;3.69945e-24;6.08812e-24;9.87958e-24;1.58209e-23;2.50185e-23;3.90939e-23;6.03991e-23;9.23135e-23;1.39648e-22;2.0919e-22;3.10442e-22;4.56594e-22;6.65819e-22;9.62979e-22;1.38184e-21;1.96796e-21;2.78242e-21;3.90661e-21;5.4483e-21;7.54945e-21;1.0396e-20;1.42301e-20;1.93658e-20;2.6208e-20;3.52765e-20;4.72356e-20;6.29304e-20;8.34314e-20;1.10089e-19;1.44599e-19;1.89086e-19;2.46197e-19;3.1922e-19;4.12227e-19;5.30239e-19;6.7943e-19;8.67368e-19;1.1033e-18;1.39847e-18;1.76656e-18;2.22412e-18;2.79112e-18;3.49163e-18;4.35453e-18;5.41441e-18;6.71261e-18;8.29836e-18;1.02302e-17;1.25776e-17;1.54226e-17;1.88623e-17;2.30109e-17;2.80026e-17;3.3995e-17;
9.12011;0;0;0;0;0;0;0;0;0;0;0;0;0;0;0;0;0;0;1.31973e-34;2.45778e-33;2.40909e-32;1.65298e-31;8.91148e-31;4.01822e-30;1.57552e-29;5.51574e-29;1.75723e-28;5.16771e-28;1.41844e-27;3.66584e-27;8.98416e-27;2.10022e-26;4.70611e-26;1.015e-25;2.11451e-25;4.26796e-25;8.36848e-25;1.5977e-24;2.97617e-24;5.41895e-24;9.65986e-24;1.6883e-23;2.89679e-23;4.88518e-23;8.10586e-23;1.32463e-22;2.13375e-22;3.39078e-22;5.31962e-22;8.24483e-22;1.2632e-21;1.91429e-21;2.87088e-21;4.26296e-21;6.27041e-21;9.14021e-21;1.32088e-20;1.89315e-20;2.69196e-20;3.79889e-20;5.32212e-20;7.40419e-20;1.02318e-19;1.40483e-19;1.91687e-19;2.59993e-19;3.50608e-19;4.7018e-19;6.27151e-19;8.32196e-19;1.09875e-18;1.44367e-18;1.88798e-18;2.45783e-18;3.18564e-18;4.1114e-18;5.2843e-18;6.76461e-18;8.62599e-18;1.09581e-17;1.38696e-17;1.74924e-17;2.1985e-17;2.75385e-17;3.43819e-17;4.27892e-17;5.3087e-17;6.56643e-17;8.09822e-17;9.9587e-17;1.22123e-16;1.49351e-16;1.82164e-16;2.21609e-16;2.68911e-16;3.25503e-16;3.93052e-16;4.73498e-16;5.69093e-16;6.82446e-16;
10.4713;0;0;0;0;0;0;0;0;0;0;0;0;0;0;0;0;0;1.14122e-32;2.01367e-31;1.87526e-30;1.22554e-29;6.30736e-29;2.72062e-28;1.02239e-27;3.43645e-27;1.0528e-26;2.98171e-26;7.89271e-26;1.96967e-25;4.66678e-25;1.05587e-24;2.29225e-24;4.79452e-24;9.69549e-24;1.90124e-23;3.62471e-23;6.73395e-23;1.2215e-22;2.1673e-22;3.76726e-22;6.42433e-22;1.07616e-21;1.77283e-21;2.87509e-21;4.59445e-21;7.2408e-21;1.12629e-20;1.73037e-20;2.62745e-20;3.9455e-20;5.86254e-20;8.62403e-20;1.25656e-19;1.81427e-19;2.59684e-19;3.68621e-19;5.19117e-19;7.25517e-19;1.00662e-18;1.3869e-18;1.89808e-18;2.58096e-18;3.48783e-18;4.68533e-18;6.25791e-18;8.31216e-18;1.0982e-17;1.44347e-17;1.88789e-17;2.4573e-17;3.18363e-17;4.10614e-17;5.27298e-17;6.74293e-17;8.58755e-17;1.08936e-16;1.3766e-16;1.73312e-16;2.1741e-16;2.71774e-16;3.38574e-16;4.204e-16;5.20322e-16;6.41978e-16;7.89669e-16;9.68458e-16;1.1843e-15;1.44417e-15;1.75625e-15;2.13006e-15;2.57671e-15;3.1091e-15;3.7422e-15;4.49332e-15;5.38245e-15;6.43267e-15;7.67049e-15;9.12637e-15;1.08352e-14;1.2837e-14;
12.0226;0;0;0;0;0;0;0;0;0;0;0;0;0;0;0;0;9.86863e-31;1.64473e-29;1.45122e-28;9.01088e-28;4.41718e-27;1.8189e-26;6.53882e-26;2.10647e-25;6.19596e-25;1.6875e-24;4.30192e-24;1.03534e-23;2.36874e-23;5.18124e-23;1.08867e-22;2.20618e-22;4.32664e-22;8.23574e-22;1.52546e-21;2.75559e-21;4.86399e-21;8.404e-21;1.42352e-20;2.36714e-20;3.86903e-20;6.22273e-20;9.85821e-20;1.53975e-19;2.373e-19;3.61137e-19;5.43093e-19;8.07573e-19;1.18809e-18;1.73028e-18;2.49572e-18;3.56693e-18;5.05355e-18;7.10033e-18;9.89698e-18;1.36905e-17;1.88007e-17;2.56387e-17;3.47307e-17;4.67456e-17;6.25301e-17;8.315e-17;1.09941e-16;1.44567e-16;1.89095e-16;2.46081e-16;3.18667e-16;4.10709e-16;5.26911e-16;6.72999e-16;8.55911e-16;1.08403e-15;1.36743e-15;1.71823e-15;2.1509e-15;2.68268e-15;3.33408e-15;4.12942e-15;5.09741e-15;6.27191e-15;7.69271e-15;9.40647e-15;1.14677e-14;1.39402e-14;1.68979e-14;2.04269e-14;2.46268e-14;2.96128e-14;3.55179e-14;4.2495e-14;5.07198e-14;6.03938e-14;7.17477e-14;8.50446e-14;1.00585e-13;1.1871e-13;1.39809e-13;1.6432e-13;1.92744e-13;2.25642e-13;
13.8038;0;0;0;0;0;0;0;0;0;0;0;0;0;0;0;8.5338e-29;1.33876e-27;1.11575e-26;6.56406e-26;3.05721e-25;1.19909e-24;4.11521e-24;1.26822e-23;3.57535e-23;9.3493e-23;2.29201e-22;5.31255e-22;1.17219e-21;2.47588e-21;5.02948e-21;9.8647e-21;1.8744e-20;3.46025e-20;6.22155e-20;1.09189e-19;1.87405e-19;3.15089e-19;5.19743e-19;8.42222e-19;1.34236e-18;2.10661e-18;3.25833e-18;4.97152e-18;7.48883e-18;1.11452e-17;1.63986e-17;2.38692e-17;3.43895e-17;4.90681e-17;6.93696e-17;9.72144e-17;1.35103e-16;1.86268e-16;2.54864e-16;3.46197e-16;4.67e-16;6.25776e-16;8.33199e-16;1.1026e-15;1.45056e-15;1.89757e-15;2.46887e-15;3.19542e-15;4.115e-15;5.27355e-15;6.72669e-15;8.54155e-15;1.07988e-14;1.35951e-14;1.70459e-14;2.12884e-14;2.64854e-14;3.28294e-14;4.05475e-14;4.99064e-14;6.12189e-14;7.48504e-14;9.12273e-14;1.10845e-13;1.34279e-13;1.62194e-13;1.95359e-13;2.34658e-13;2.81108e-13;3.35877e-13;4.00297e-13;4.75895e-13;5.64408e-13;6.67811e-13;7.88351e-13;9.28569e-13;1.09135e-12;1.27993e-12;1.49798e-12;1.74963e-12;2.03951e-12;2.37281e-12;2.75536e-12;3.19367e-12;3.69501e-12;
15.8489;0;0;0;0;0;0;0;0;0;0;0;0;0;0;7.37953e-27;1.08547e-25;8.51552e-25;4.73206e-24;2.08824e-23;7.78196e-23;2.5439e-22;7.48445e-22;2.01854e-21;5.05914e-21;1.19082e-20;2.65437e-20;5.64062e-20;1.14902e-19;2.25395e-19;4.27411e-19;7.86045e-19;1.40594e-18;2.45166e-18;4.17679e-18;6.96498e-18;1.13869e-17;1.82779e-17;2.88436e-17;4.48e-17;6.85591e-17;1.03472e-16;1.54141e-16;2.26826e-16;3.29955e-16;4.7477e-16;6.76142e-16;9.53579e-16;1.33247e-15;1.84563e-15;2.53516e-15;3.45471e-15;4.67224e-15;6.27331e-15;8.36501e-15;1.10807e-14;1.45854e-14;1.90825e-14;2.48215e-14;3.21068e-14;4.13081e-14;5.28732e-14;6.73413e-14;8.53595e-14;1.07702e-13;1.3529e-13;1.6922e-13;2.10785e-13;2.61512e-13;3.23198e-13;3.97944e-13;4.8821e-13;5.96859e-13;7.27218e-13;8.83141e-13;1.06908e-12;1.29019e-12;1.55235e-12;1.86235e-12;2.22794e-12;2.65799e-12;3.16258e-12;3.75319e-12;4.44285e-12;5.2463e-12;6.18021e-12;7.26339e-12;8.51703e-12;9.96492e-12;1.16338e-11;1.35535e-11;1.57576e-11;1.82834e-11;2.11725e-11;2.44714e-11;2.82314e-11;3.25098e-11;3.73698e-11;4.28816e-11;4.91225e-11;5.6178e-11;
18.197;0;0;0;0;0;0;0;0;0;0;0;0;0;6.38137e-25;8.76204e-24;6.4452e-23;3.37142e-22;1.40536e-21;4.96229e-21;1.54129e-20;4.3194e-20;1.11216e-19;2.66667e-19;6.01627e-19;1.28761e-18;2.63139e-18;5.16259e-18;9.76704e-18;1.78853e-17;3.18015e-17;5.50557e-17;9.30208e-17;1.537e-16;2.48806e-16;3.95213e-16;6.16871e-16;9.47316e-16;1.43291e-15;2.13699e-15;3.14515e-15;4.57186e-15;6.56874e-15;9.33476e-15;1.31289e-14;1.82853e-14;2.52324e-14;3.45145e-14;4.68195e-14;6.30106e-14;8.41645e-14;1.11616e-13;1.4701e-13;1.92367e-13;2.50148e-13;3.23344e-13;4.15569e-13;5.31173e-13;6.75364e-13;8.54359e-13;1.07555e-12;1.34767e-12;1.68105e-12;2.08782e-12;2.58219e-12;3.18074e-12;3.9028e-12;4.77079e-12;5.81064e-12;7.05229e-12;8.53019e-12;1.02839e-11;1.23586e-11;1.4806e-11;1.7685e-11;2.10625e-11;2.50144e-11;2.96266e-11;3.49959e-11;4.12317e-11;4.84567e-11;5.68088e-11;6.64425e-11;7.75304e-11;9.02652e-11;1.04862e-10;1.21559e-10;1.40621e-10;1.62344e-10;1.87052e-10;2.15104e-10;2.46899e-10;2.82874e-10;3.23509e-10;3.69334e-10;4.20929e-10;4.78931e-10;5.44036e-10;6.17005e-10;6.98669e-10;7.89935e-10;
20.893;0;0;0;0;0;0;0;0;0;0;0;0;5.51823e-23;7.0369e-22;4.83199e-21;2.37001e-20;9.29978e-20;3.10186e-19;9.12896e-19;2.43088e-18;5.96208e-18;1.36482e-17;2.94585e-17;6.04315e-17;1.18582e-16;2.23744e-16;4.07698e-16;7.20048e-16;1.2364e-15;2.06954e-15;3.38451e-15;5.41859e-15;8.5074e-15;1.31187e-14;1.98954e-14;2.97102e-14;4.3734e-14;6.35201e-14;9.11086e-14;1.29153e-13;1.81076e-13;2.51252e-13;3.45229e-13;4.69993e-13;6.34278e-13;8.48929e-13;1.12733e-12;1.4859e-12;1.94467e-12;2.52793e-12;3.26501e-12;4.19113e-12;5.34839e-12;6.7869e-12;8.56605e-12;1.07559e-11;1.34389e-11;1.67114e-11;2.06861e-11;2.54939e-11;3.12866e-11;3.82394e-11;4.65543e-11;5.64631e-11;6.82314e-11;8.21623e-11;9.86009e-11;1.17939e-10;1.40622e-10;1.67151e-10;1.98093e-10;2.34085e-10;2.75842e-10;3.24165e-10;3.7995e-10;4.44197e-10;5.18019e-10;6.02652e-10;6.9947e-10;8.09992e-10;9.35899e-10;1.07905e-09;1.24148e-09;1.42544e-09;1.6334e-09;1.86808e-09;2.13243e-09;2.42971e-09;2.76346e-09;3.13753e-09;3.55615e-09;4.0239e-09;4.54574e-09;5.12707e-09;5.77376e-09;6.49212e-09;7.28901e-09;8.17183e-09;9.14855e-09;1.02278e-08;
23.9883;0;0;0;0;0;0;0;0;0;0;0;4.77184e-21;5.61815e-20;3.58296e-19;1.64056e-18;6.03637e-18;1.89534e-17;5.26932e-17;1.32956e-16;3.09855e-16;6.75681e-16;1.39241e-15;2.73281e-15;5.14017e-15;9.31272e-15;1.63203e-14;2.77624e-14;4.59788e-14;7.43246e-14;1.17525e-13;1.8213e-13;2.7708e-13;4.14415e-13;6.10148e-13;8.85326e-13;1.26732e-12;1.79136e-12;2.50238e-12;3.45721e-12;4.72707e-12;6.40063e-12;8.58742e-12;1.14218e-11;1.50678e-11;1.97238e-11;2.56292e-11;3.30709e-11;4.23906e-11;5.39941e-11;6.83604e-11;8.60526e-11;1.0773e-10;1.34161e-10;1.66239e-10;2.04997e-10;2.51625e-10;3.07493e-10;3.74168e-10;4.53439e-10;5.47344e-10;6.58195e-10;7.8861e-10;9.41542e-10;1.12032e-09;1.32867e-09;1.5708e-09;1.85136e-09;2.17558e-09;2.54928e-09;2.97888e-09;3.47154e-09;4.03517e-09;4.67848e-09;5.41109e-09;6.24357e-09;7.18753e-09;8.2557e-09;9.462e-09;1.08216e-08;1.23512e-08;1.40689e-08;1.59942e-08;1.81485e-08;2.05551e-08;2.32389e-08;2.62272e-08;2.95492e-08;3.32367e-08;3.73236e-08;4.18467e-08;4.68453e-08;5.2362e-08;5.84421e-08;6.51344e-08;7.24909e-08;8.05674e-08;8.94235e-08;9.91227e-08;1.09733e-07;1.21326e-07;
27.5423;0;0;0;0;0;0;0;0;0;0;4.1264e-19;4.45446e-18;2.62292e-17;1.11547e-16;3.83164e-16;1.12817e-15;2.95271e-15;7.03816e-15;1.55431e-14;3.22074e-14;6.32269e-14;1.18482e-13;2.13221e-13;3.70305e-13;6.23156e-13;1.01955e-12;1.62643e-12;2.5359e-12;3.87266e-12;5.80302e-12;8.54587e-12;1.23856e-11;1.76878e-11;2.49172e-11;3.4659e-11;4.76432e-11;6.47735e-11;8.71588e-11;1.16151e-10;1.53385e-10;2.00829e-10;2.60833e-10;3.36191e-10;4.30202e-10;5.46749e-10;6.90372e-10;8.66361e-10;1.08085e-09;1.34091e-09;1.65471e-09;2.03155e-09;2.48211e-09;3.0185e-09;3.65447e-09;4.40555e-09;5.28925e-09;6.32524e-09;7.53557e-09;8.94488e-09;1.05806e-08;1.24733e-08;1.46569e-08;1.71687e-08;2.00502e-08;2.33471e-08;2.71093e-08;3.13921e-08;3.62555e-08;4.17655e-08;4.7994e-08;5.50194e-08;6.29267e-08;7.18084e-08;8.17648e-08;9.29043e-08;1.05344e-07;1.19211e-07;1.34641e-07;1.51781e-07;1.70789e-07;1.91833e-07;2.15095e-07;2.4077e-07;2.69065e-07;3.00201e-07;3.34417e-07;3.71962e-07;4.13107e-07;4.58137e-07;5.07354e-07;5.61081e-07;6.1966e-07;6.83451e-07;7.52837e-07;8.28223e-07;9.10036e-07;9.98728e-07;1.09477e-06;1.19867e-06;1.31096e-06;
31.6228;0;0;0;0;0;0;0;0;0;3.56827e-17;3.50278e-16;1.89122e-15;7.42638e-15;2.36945e-14;6.51332e-14;1.59864e-13;3.58749e-13;7.48476e-13;1.46976e-12;2.74189e-12;4.89494e-12;8.41115e-12;1.39771e-11;2.25479e-11;3.54265e-11;5.43576e-11;8.16408e-11;1.20263e-10;1.74052e-10;2.47856e-10;3.47749e-10;4.8126e-10;6.57637e-10;8.88144e-10;1.18639e-09;1.56869e-09;2.05448e-09;2.66675e-09;3.43253e-09;4.38343e-09;5.55622e-09;6.99343e-09;8.74406e-09;1.08643e-08;1.34181e-08;1.64786e-08;2.01282e-08;2.44601e-08;2.9579e-08;3.56023e-08;4.26612e-08;5.09018e-08;6.04863e-08;7.15945e-08;8.44249e-08;9.91962e-08;1.16149e-07;1.35546e-07;1.57678e-07;1.82857e-07;2.11428e-07;2.43764e-07;2.80269e-07;3.21383e-07;3.67579e-07;4.19368e-07;4.77304e-07;5.41978e-07;6.14029e-07;6.9414e-07;7.83042e-07;8.8152e-07;9.90407e-07;1.1106e-06;1.24304e-06;1.38874e-06;1.54878e-06;1.72429e-06;1.91649e-06;2.12664e-06;2.35611e-06;2.60631e-06;2.87877e-06;3.17505e-06;3.49685e-06;3.84593e-06;4.22412e-06;4.63339e-06;5.07577e-06;5.5534e-06;6.06852e-06;6.6235e-06;7.22077e-06;7.8629e-06;8.55258e-06;9.29261e-06;1.00859e-05;1.09355e-05;1.18446e-05;1.28164e-05;
36.3078;0;0;0;0;0;0;0;0;3.08562e-15;2.72705e-14;1.33901e-13;4.82153e-13;1.42053e-12;3.62725e-12;8.31228e-12;1.74941e-11;3.43645e-11;6.37555e-11;1.12721e-10;1.91244e-10;3.13092e-10;4.96816e-10;7.66919e-10;1.1552e-09;1.70228e-09;2.45932e-09;3.48996e-09;4.87245e-09;6.70198e-09;9.0933e-09;1.21835e-08;1.61349e-08;2.11388e-08;2.74182e-08;3.52324e-08;4.48801e-08;5.67046e-08;7.10973e-08;8.85029e-08;1.09424e-07;1.34428e-07;1.64148e-07;1.99294e-07;2.40654e-07;2.89103e-07;3.45609e-07;4.11237e-07;4.87158e-07;5.74654e-07;6.75127e-07;7.90103e-07;9.21244e-07;1.07035e-06;1.23937e-06;1.4304e-06;1.64572e-06;1.88777e-06;2.15915e-06;2.46268e-06;2.80135e-06;3.17837e-06;3.59715e-06;4.06133e-06;4.57476e-06;5.14154e-06;5.76602e-06;6.45279e-06;7.2067e-06;8.03288e-06;8.93673e-06;9.92394e-06;1.10005e-05;1.21727e-05;1.3447e-05;1.48305e-05;1.63304e-05;1.79542e-05;1.97098e-05;2.16055e-05;2.365e-05;2.58521e-05;2.82213e-05;3.07672e-05;3.34999e-05;3.64301e-05;3.95685e-05;4.29265e-05;4.65158e-05;5.03485e-05;5.44371e-05;5.87947e-05;6.34347e-05;6.83709e-05;7.36175e-05;7.91895e-05;8.51019e-05;9.13705e-05;9.80113e-05;0.000105041;0.000112476;
41.6869;0;0;0;0;0;0;0;2.66826e-13;2.09709e-12;9.27131e-12;3.0363e-11;8.2038e-11;1.93454e-10;4.11845e-10;8.09358e-10;1.49119e-09;2.60503e-09;4.35189e-09;6.99821e-09;1.08893e-08;1.64643e-08;2.42719e-08;3.49877e-08;4.94331e-08;6.85942e-08;9.36429e-08;1.25958e-07;1.6715e-07;2.19081e-07;2.83891e-07;3.64023e-07;4.6225e-07;5.81696e-07;7.25872e-07;8.98691e-07;1.10451e-06;1.34814e-06;1.63489e-06;1.97059e-06;2.36162e-06;2.81493e-06;3.33808e-06;3.93927e-06;4.62733e-06;5.41182e-06;6.303e-06;7.31186e-06;8.45017e-06;9.73049e-06;1.11662e-05;1.27716e-05;1.45617e-05;1.65526e-05;1.87611e-05;2.12051e-05;2.39035e-05;2.6876e-05;3.01435e-05;3.37278e-05;3.76517e-05;4.19393e-05;4.66155e-05;5.17064e-05;5.72393e-05;6.32425e-05;6.97455e-05;7.6779e-05;8.43747e-05;9.25656e-05;0.000101386;0.000110871;0.000121057;0.000131982;0.000143686;0.000156207;0.000169588;0.000183872;0.000199101;0.000215322;0.000232581;0.000250924;0.000270402;0.000291064;0.000312961;0.000336146;0.000360673;0.000386596;0.000413973;0.000442859;0.000473314;0.000505398;0.000539172;0.000574697;0.000612037;0.000651257;0.000692422;0.0007356;0.000780857;0.000828263;0.000877888;
47.863;0;0;0;0;0;0;2.30736e-11;1.58765e-10;6.24272e-10;1.84106e-09;4.52478e-09;9.7864e-09;1.92429e-08;3.51358e-08;6.04555e-08;9.90711e-08;1.55864e-07;2.36861e-07;3.49375e-07;5.02139e-07;7.05445e-07;9.71276e-07;1.31344e-06;1.74772e-06;2.29195e-06;2.96621e-06;3.79289e-06;4.79683e-06;6.00543e-06;7.44873e-06;9.15958e-06;1.11736e-05;1.35295e-05;1.6269e-05;1.94366e-05;2.30806e-05;2.72519e-05;3.20052e-05;3.73984e-05;4.34926e-05;5.03528e-05;5.80471e-05;6.66472e-05;7.62286e-05;8.68701e-05;9.86543e-05;0.000111667;0.000125998;0.000141741;0.000158993;0.000177854;0.000198428;0.000220822;0.000245149;0.000271523;0.000300061;0.000330886;0.000364123;0.0003999;0.000438349;0.000479605;0.000523805;0.000571093;0.000621612;0.00067551;0.000732938;0.000794049;0.000859001;0.000927951;0.00100106;0.0010785;0.00116044;0.00124703;0.00133847;0.00143491;0.00153654;0.00164354;0.0017561;0.00187438;0.00199859;0.0021289;0.00226551;0.00240861;0.00255839;0.00271505;0.00287878;0.00304979;0.00322826;0.00341441;0.00360843;0.00381052;0.0040209;0.00423976;0.00446732;0.00470378;0.00494935;0.00520423;0.00546864;0.00574279;0.00602688;
54.9541;0;0;0;0;0;1.99526e-09;1.17766e-08;4.05486e-08;1.06377e-07;2.3548e-07;4.63365e-07;8.35836e-07;1.40987e-06;2.25435e-06;3.45077e-06;5.09369e-06;7.29125e-06;1.01655e-05;1.38527e-05;1.85035e-05;2.4283e-05;3.13711e-05;3.99621e-05;5.02649e-05;6.25029e-05;7.69139e-05;9.37499e-05;0.000113277;0.000135774;0.000161534;0.000190864;0.000224081;0.000261519;0.00030352;0.000350439;0.000402642;0.000460508;0.000524423;0.000594787;0.000672005;0.000756496;0.000848684;0.000949003;0.0010579;0.00117581;0.0013032;0.00144054;0.00158828;0.00174691;0.0019169;0.00209874;0.00229292;0.00249992;0.00272026;0.00295442;0.00320291;0.00346624;0.0037449;0.00403942;0.0043503;0.00467806;0.00502319;0.00538623;0.00576767;0.00616803;0.00658783;0.00702757;0.00748776;0.00796891;0.00847153;0.00899612;0.00954318;0.0101132;0.0107067;0.0113242;0.0119661;0.012633;0.0133253;0.0140435;0.0147881;0.0155595;0.0163583;0.0171849;0.0180397;0.0189232;0.0198359;0.0207782;0.0217505;0.0227533;0.023787;0.024852;0.0259488;0.0270778;0.0282393;0.0294338;0.0306617;0.0319233;0.0332191;0.0345495;0.0359147;
63.0957;0;0;0;0;1.72539e-07;8.49537e-07;2.50986e-06;5.76759e-06;1.13609e-05;2.01416e-05;3.30651e-05;5.11816e-05;7.56266e-05;0.000107613;0.000148424;0.000199403;0.000261951;0.000337517;0.000427592;0.000533705;0.000657417;0.000800314;0.000964006;0.00115012;0.00136029;0.00159617;0.00185942;0.00215169;0.00247464;0.00282993;0.00321919;0.00364408;0.00410622;0.00460722;0.00514869;0.00573221;0.00635935;0.00703165;0.00775063;0.00851779;0.00933463;0.0102026;0.0111231;0.0120975;0.0131273;0.0142137;0.0153581;0.0165618;0.017826;0.019152;0.020541;0.021994;0.0235124;0.0250971;0.0267493;0.02847;0.0302603;0.032121;0.0340532;0.0360579;0.0381358;0.0402879;0.042515;0.0448179;0.0471973;0.0496542;0.0521891;0.0548027;0.0574958;0.0602689;0.0631228;0.0660578;0.0690747;0.072174;0.0753561;0.0786215;0.0819708;0.0854043;0.0889224;0.0925256;0.0962141;0.0999884;0.103849;0.107795;0.111829;0.115949;0.120156;0.124451;0.128833;0.133303;0.137861;0.142507;0.14724;0.152063;0.156973;0.161972;0.167059;0.172235;0.177499;0.182852;
72.4436;0;0;0;1.49201e-05;5.88629e-05;0.00014515;0.000286356;0.000494343;0.000780293;0.00115474;0.00162758;0.00220814;0.00290518;0.00372689;0.00468097;0.00577463;0.0070146;0.00840716;0.00995818;0.0116731;0.013557;0.0156145;0.0178501;0.0202676;0.0228709;0.0256632;0.0286477;0.0318272;0.0352042;0.0387811;0.0425599;0.0465424;0.0507304;0.0551251;0.0597279;0.0645398;0.0695617;0.0747942;0.080238;0.0858934;0.0917607;0.0978401;0.104132;0.110635;0.11735;0.124277;0.131414;0.138762;0.14632;0.154087;0.162062;0.170245;0.178634;0.187229;0.196029;0.205032;0.214238;0.223645;0.233251;0.243057;0.253059;0.263258;0.273651;0.284237;0.295015;0.305983;0.31714;0.328484;0.340013;0.351727;0.363623;0.3757;0.387956;0.40039;0.412999;0.425783;0.43874;0.451868;0.465166;0.478631;0.492262;0.506058;0.520016;0.534136;0.548415;0.562852;0.577445;0.592193;0.607094;0.622146;0.637348;0.652697;0.668194;0.683835;0.699619;0.715545;0.731612;0.747816;0.764158;0.780635;
83.1764;0;0;0.0012902;0.0038276;0.00757066;0.0124793;0.0185148;0.0256398;0.0338181;0.043015;0.0531967;0.0643308;0.0763857;0.0893312;0.103138;0.117778;0.133223;0.149448;0.166426;0.184133;0.202545;0.221639;0.241393;0.261785;0.282795;0.304402;0.326587;0.349332;0.372617;0.396425;0.42074;0.445545;0.470824;0.496562;0.522744;0.549356;0.576383;0.603812;0.631631;0.659826;0.688385;0.717298;0.746552;0.776136;0.80604;0.836253;0.866765;0.897567;0.92865;0.960003;0.99162;1.02349;1.05561;1.08796;1.12054;1.15335;1.18637;1.2196;1.25303;1.28666;1.32048;1.35448;1.38865;1.423;1.45751;1.49218;1.52701;1.56198;1.5971;1.63236;1.66775;1.70328;1.73893;1.7747;1.81059;1.8466;1.88271;1.91893;1.95525;1.99168;2.0282;2.06481;2.10151;2.13829;2.17516;2.21211;2.24914;2.28624;2.32341;2.36065;2.39796;2.43533;2.47277;2.51026;2.54781;2.58542;2.62308;2.66079;2.69855;2.73636;
95.4993;0;0.111569;0.221813;0.330768;0.438469;0.544951;0.650247;0.754388;0.857405;0.959329;1.06019;1.16001;1.25882;1.35665;1.45352;1.54946;1.64449;1.73863;1.83191;1.92434;2.01596;2.10677;2.1968;2.28607;2.37459;2.46239;2.54948;2.63588;2.72161;2.80667;2.89109;2.97488;3.05805;3.14063;3.22261;3.30403;3.38488;3.46518;3.54495;3.62419;3.70292;3.78114;3.85888;3.93613;4.01291;4.08923;4.1651;4.24052;4.31551;4.39008;4.46423;4.53797;4.61131;4.68426;4.75683;4.82902;4.90083;4.97229;5.04339;5.11414;5.18455;5.25462;5.32436;5.39377;5.46287;5.53165;5.60013;5.6683;5.73618;5.80377;5.87107;5.93808;6.00482;6.07129;6.13748;6.20342;6.26909;6.33451;6.39968;6.4646;6.52928;6.59372;6.65792;6.72188;6.78562;6.84914;6.91243;6.9755;7.03836;7.101;7.16344;7.22567;7.28769;7.34951;7.41114;7.47257;7.53381;7.59485;7.65571;7.71639;
109.648;9.64782;9.74023;9.83229;9.924;10.0153;10.1063;10.197;10.2873;10.3772;10.4667;10.556;10.6448;10.7333;10.8215;10.9093;10.9968;11.0839;11.1707;11.2571;11.3432;11.4289;11.5144;11.5994;11.6842;11.7686;11.8527;11.9364;12.0199;12.103;12.1858;12.2682;12.3504;12.4322;12.5137;12.595;12.6759;12.7565;12.8368;12.9168;12.9965;13.0759;13.1551;13.2339;13.3125;13.3907;13.4687;13.5464;13.6239;13.701;13.7779;13.8546;13.9309;14.007;14.0828;14.1584;14.2337;14.3088;14.3836;14.4581;14.5324;14.6065;14.6803;14.7539;14.8272;14.9003;14.9732;15.0458;15.1183;15.1904;15.2624;15.3341;15.4056;15.4769;15.548;15.6189;15.6895;15.7599;15.8302;15.9002;15.97;16.0396;16.109;16.1782;16.2472;16.316;16.3847;16.4531;16.5213;16.5894;16.6572;16.7249;16.7924;16.8597;16.9268;16.9938;17.0606;17.1272;17.1936;17.2598;17.3259;
125.893;25.8925;25.9427;25.9932;26.0441;26.0954;26.1469;26.1989;26.2511;26.3036;26.3564;26.4096;26.4629;26.5166;26.5705;26.6247;26.6791;26.7338;26.7886;26.8437;26.899;26.9545;27.0102;27.0661;27.1222;27.1784;27.2348;27.2914;27.3481;27.405;27.462;27.5191;27.5764;27.6338;27.6913;27.749;27.8067;27.8646;27.9226;27.9806;28.0388;28.097;28.1553;28.2137;28.2722;28.3307;28.3893;28.448;28.5068;28.5655;28.6244;28.6833;28.7422;28.8012;28.8602;28.9193;28.9784;29.0375;29.0966;29.1558;29.215;29.2742;29.3335;29.3927;29.452;29.5113;29.5706;29.6299;29.6892;29.7485;29.8078;29.8671;29.9264;29.9857;30.0449;30.1042;30.1635;30.2227;30.282;30.3412;30.4004;30.4596;30.5188;30.578;30.6371;30.6962;30.7553;30.8144;30.8734;30.9324;30.9914;31.0504;31.1093;31.1682;31.227;31.2859;31.3447;31.4034;31.4622;31.5208;31.5795;
144.544;44.544;44.5942;44.6443;44.6945;44.7446;44.7947;44.8448;44.8949;44.9449;44.995;45.0451;45.0952;45.1453;45.1954;45.2455;45.2956;45.3457;45.3958;45.446;45.4962;45.5464;45.5966;45.6468;45.6971;45.7473;45.7976;45.848;45.8983;45.9487;45.9991;46.0495;46.1;46.1505;46.201;46.2515;46.3021;46.3527;46.4034;46.454;46.5047;46.5554;46.6062;46.657;46.7078;46.7586;46.8095;46.8604;46.9113;46.9623;47.0133;47.0643;47.1154;47.1664;47.2175;47.2687;47.3198;47.371;47.4222;47.4735;47.5247;47.576;47.6273;47.6787;47.73;47.7814;47.8328;47.8843;47.9357;47.9872;48.0387;48.0902;48.1417;48.1933;48.2448;48.2964;48.348;48.3997;48.4513;48.5029;48.5546;48.6063;48.658;48.7097;48.7614;48.8132;48.8649;48.9167;48.9685;49.0202;49.072;49.1238;49.1756;49.2275;49.2793;49.3311;49.3829;49.4348;49.4866;49.5385;49.5904;
165.959;65.9587;66.0089;66.0591;66.1092;66.1594;66.2095;66.2596;66.3096;66.3597;66.4097;66.4597;66.5097;66.5596;66.6095;66.6594;66.7093;66.7591;66.809;66.8588;66.9086;66.9583;67.0081;67.0578;67.1075;67.1572;67.2068;67.2565;67.3061;67.3557;67.4053;67.4549;67.5044;67.554;67.6035;67.653;67.7025;67.752;67.8014;67.8509;67.9003;67.9497;67.9991;68.0485;68.0979;68.1472;68.1966;68.2459;68.2952;68.3446;68.3939;68.4431;68.4924;68.5417;68.5909;68.6402;68.6894;68.7387;68.7879;68.8371;68.8863;68.9355;68.9847;69.0338;69.083;69.1321;69.1813;69.2304;69.2796;69.3287;69.3778;69.4269;69.476;69.5251;69.5742;69.6233;69.6723;69.7214;69.7705;69.8195;69.8686;69.9176;69.9666;70.0157;70.0647;70.1137;70.1627;70.2117;70.2607;70.3097;70.3587;70.4076;70.4566;70.5056;70.5545;70.6035;70.6524;70.7013;70.7503;70.7992;70.8481;
190.546;90.5461;90.5963;90.6465;90.6967;90.7469;90.797;90.8472;90.8972;90.9473;90.9974;91.0474;91.0974;91.1473;91.1973;91.2472;91.2971;91.347;91.3968;91.4466;91.4964;91.5462;91.5959;91.6457;91.6954;91.745;91.7947;91.8443;91.8939;91.9435;91.993;92.0426;92.0921;92.1415;92.191;92.2404;92.2898;92.3392;92.3886;92.4379;92.4872;92.5365;92.5858;92.635;92.6843;92.7335;92.7826;92.8318;92.8809;92.93;92.9791;93.0282;93.0772;93.1262;93.1752;93.2242;93.2732;93.3221;93.371;93.4199;93.4688;93.5176;93.5664;93.6152;93.664;93.7128;93.7615;93.8102;93.8589;93.9076;93.9562;94.0049;94.0535;94.1021;94.1507;94.1992;94.2478;94.2963;94.3448;94.3932;94.4417;94.4901;94.5385;94.5869;94.6353;94.6837;94.732;94.7803;94.8286;94.8769;94.9252;94.9734;95.0217;95.0699;95.1181;95.1662;95.2144;95.2625;95.3106;95.3587;95.4068;
218.776;118.776;118.826;118.877;118.927;118.977;119.027;119.077;119.128;119.178;119.228;119.278;119.328;119.378;119.428;119.478;119.528;119.578;119.628;119.677;119.727;119.777;119.827;119.877;119.926;119.976;120.026;120.075;120.125;120.175;120.224;120.274;120.323;120.373;120.422;120.472;120.521;120.571;120.62;120.669;120.719;120.768;120.817;120.866;120.916;120.965;121.014;121.063;121.112;121.162;121.211;121.26;121.309;121.358;121.407;121.456;121.505;121.554;121.603;121.651;121.7;121.749;121.798;121.847;121.895;121.944;121.993;122.042;122.09;122.139;122.188;122.236;122.285;122.333;122.382;122.43;122.479;122.527;122.576;122.624;122.672;122.721;122.769;122.817;122.866;122.914;122.962;123.01;123.059;123.107;123.155;123.203;123.251;123.299;123.347;123.395;123.443;123.491;123.539;123.587;123.635;
251.189;151.189;151.239;151.289;151.34;151.39;151.44;151.49;151.54;151.591;151.641;151.691;151.741;151.791;151.841;151.891;151.941;151.991;152.041;152.091;152.14;152.19;152.24;152.29;152.34;152.389;152.439;152.489;152.539;152.588;152.638;152.687;152.737;152.787;152.836;152.886;152.935;152.984;153.034;153.083;153.133;153.182;153.231;153.281;153.33;153.379;153.428;153.478;153.527;153.576;153.625;153.674;153.723;153.772;153.821;153.87;153.919;153.968;154.017;154.066;154.115;154.164;154.213;154.262;154.31;154.359;154.408;154.457;154.505;154.554;154.603;154.651;154.7;154.749;154.797;154.846;154.894;154.943;154.991;155.039;155.088;155.136;155.185;155.233;155.281;155.33;155.378;155.426;155.474;155.523;155.571;155.619;155.667;155.715;155.763;155.811;155.859;155.907;155.955;156.003;156.051;
288.403;188.403;188.454;188.504;188.554;188.604;188.655;188.705;188.755;188.805;188.856;188.906;188.956;189.006;189.056;189.106;189.156;189.206;189.256;189.306;189.356;189.406;189.456;189.505;189.555;189.605;189.655;189.705;189.754;189.804;189.854;189.903;189.953;190.003;190.052;190.102;190.151;190.201;190.25;190.3;190.349;190.398;190.448;190.497;190.547;190.596;190.645;190.694;190.744;190.793;190.842;190.891;190.94;190.989;191.038;191.088;191.137;191.186;191.235;191.284;191.332;191.381;191.43;191.479;191.528;191.577;191.626;191.674;191.723;191.772;191.82;191.869;191.918;191.966;192.015;192.064;192.112;192.161;192.209;192.258;192.306;192.355;192.403;192.451;192.5;192.548;192.596;192.645;192.693;192.741;192.789;192.838;192.886;192.934;192.982;193.03;193.078;193.126;193.174;193.222;193.27;
331.131;231.131;231.182;231.232;231.282;231.333;231.383;231.433;231.484;231.534;231.584;231.634;231.684;231.735;231.785;231.835;231.885;231.935;231.985;232.035;232.085;232.135;232.185;232.235;232.285;232.334;232.384;232.434;232.484;232.534;232.583;232.633;232.683;232.732;232.782;232.832;232.881;232.931;232.98;233.03;233.079;233.129;233.178;233.227;233.277;233.326;233.376;233.425;233.474;233.523;233.573;233.622;233.671;233.72;233.769;233.818;233.868;233.917;233.966;234.015;234.064;234.113;234.162;234.21;234.259;234.308;234.357;234.406;234.455;234.503;234.552;234.601;234.65;234.698;234.747;234.796;234.844;234.893;234.941;234.99;235.038;235.087;235.135;235.184;235.232;235.281;235.329;235.377;235.426;235.474;235.522;235.57;235.619;235.667;235.715;235.763;235.811;235.859;235.907;235.956;236.004;
380.189;280.189;280.24;280.29;280.341;280.391;280.442;280.492;280.542;280.593;280.643;280.693;280.743;280.794;280.844;280.894;280.944;280.994;281.044;281.094;281.144;281.194;281.244;281.294;281.344;281.394;281.444;281.494;281.544;281.594;281.643;281.693;281.743;281.793;281.842;281.892;281.942;281.991;282.041;282.09;282.14;282.189;282.239;282.288;282.338;282.387;282.437;282.486;282.535;282.585;282.634;282.683;282.732;282.782;282.831;282.88;282.929;282.978;283.027;283.077;283.126;283.175;283.224;283.273;283.322;283.371;283.419;283.468;283.517;283.566;283.615;283.664;283.712;283.761;283.81;283.859;283.907;283.956;284.004;284.053;284.102;284.15;284.199;284.247;284.296;284.344;284.393;284.441;284.489;284.538;284.586;284.634;284.683;284.731;284.779;284.827;284.875;284.924;284.972;285.02;285.068;
436.516;336.516;336.566;336.617;336.667;336.718;336.768;336.819;336.869;336.92;336.97;337.02;337.071;337.121;337.171;337.221;337.272;337.322;337.372;337.422;337.472;337.522;337.572;337.622;337.672;337.722;337.772;337.822;337.872;337.922;337.972;338.022;338.071;338.121;338.171;338.221;338.27;338.32;338.37;338.419;338.469;338.519;338.568;338.618;338.667;338.717;338.766;338.816;338.865;338.915;338.964;339.013;339.063;339.112;339.161;339.21;339.26;339.309;339.358;339.407;339.456;339.505;339.554;339.603;339.653;339.702;339.751;339.799;339.848;339.897;339.946;339.995;340.044;340.093;340.141;340.19;340.239;340.288;340.336;340.385;340.434;340.482;340.531;340.579;340.628;340.677;340.725;340.774;340.822;340.87;340.919;340.967;341.016;341.064;341.112;341.16;341.209;341.257;341.305;341.353;341.401;
501.187;401.187;401.238;401.288;401.339;401.39;401.44;401.491;401.541;401.592;401.642;401.692;401.743;401.793;401.844;401.894;401.944;401.994;402.045;402.095;402.145;402.195;402.245;402.296;402.346;402.396;402.446;402.496;402.546;402.596;402.646;402.696;402.745;402.795;402.845;402.895;402.945;402.995;403.044;403.094;403.144;403.193;403.243;403.293;403.342;403.392;403.441;403.491;403.54;403.59;403.639;403.689;403.738;403.788;403.837;403.886;403.936;403.985;404.034;404.083;404.132;404.182;404.231;404.28;404.329;404.378;404.427;404.476;404.525;404.574;404.623;404.672;404.721;404.77;404.819;404.868;404.916;404.965;405.014;405.063;405.111;405.16;405.209;405.257;405.306;405.355;405.403;405.452;405.5;405.549;405.597;405.646;405.694;405.743;405.791;405.839;405.888;405.936;405.984;406.032;406.081;
575.44;475.44;475.491;475.541;475.592;475.643;475.693;475.744;475.795;475.845;475.896;475.946;475.997;476.047;476.098;476.148;476.198;476.249;476.299;476.349;476.4;476.45;476.5;476.55;476.6;476.651;476.701;476.751;476.801;476.851;476.901;476.951;477.001;477.051;477.101;477.151;477.201;477.251;477.3;477.35;477.4;477.45;477.5;477.549;477.599;477.649;477.698;477.748;477.797;477.847;477.896;477.946;477.995;478.045;478.094;478.144;478.193;478.242;478.292;478.341;478.39;478.44;478.489;478.538;478.587;478.636;478.686;478.735;478.784;478.833;478.882;478.931;478.98;479.029;479.078;479.127;479.175;479.224;479.273;479.322;479.371;479.419;479.468;479.517;479.566;479.614;479.663;479.711;479.76;479.809;479.857;479.906;479.954;480.002;480.051;480.099;480.148;480.196;480.244;480.293;480.341;
660.693;560.693;560.744;560.795;560.846;560.897;560.947;560.998;561.049;561.099;561.15;561.201;561.251;561.302;561.352;561.403;561.453;561.504;561.554;561.605;561.655;561.705;561.756;561.806;561.856;561.907;561.957;562.007;562.057;562.107;562.157;562.207;562.257;562.307;562.357;562.407;562.457;562.507;562.557;562.607;562.657;562.707;562.756;562.806;562.856;562.906;562.955;563.005;563.055;563.104;563.154;563.203;563.253;563.302;563.352;563.401;563.451;563.5;563.549;563.599;563.648;563.697;563.746;563.796;563.845;563.894;563.943;563.992;564.041;564.09;564.139;564.188;564.237;564.286;564.335;564.384;564.433;564.482;564.53;564.579;564.628;564.677;564.725;564.774;564.823;564.871;564.92;564.969;565.017;565.066;565.114;565.163;565.211;565.259;565.308;565.356;565.404;565.453;565.501;565.549;565.597;
758.578;658.578;658.629;658.679;658.73;658.781;658.832;658.883;658.934;658.984;659.035;659.086;659.136;659.187;659.237;659.288;659.338;659.389;659.439;659.489;659.54;659.59;659.64;659.69;659.741;659.791;659.841;659.891;659.941;659.991;660.041;660.091;660.141;660.191;660.241;660.291;660.34;660.39;660.44;660.49;660.539;660.589;660.639;660.688;660.738;660.787;660.837;660.886;660.936;660.985;661.034;661.084;661.133;661.182;661.232;661.281;661.33;661.379;661.428;661.477;661.527;661.576;661.625;661.674;661.723;661.772;661.82;661.869;661.918;661.967;662.016;662.065;662.113;662.162;662.211;662.259;662.308;662.357;662.405;662.454;662.502;662.551;662.599;662.648;662.696;662.745;662.793;662.841;662.89;662.938;662.986;663.034;663.083;663.131;663.179;663.227;663.275;663.323;663.371;663.419;663.467;
870.964;770.964;771.014;771.064;771.113;771.163;771.213;771.263;771.313;771.363;771.413;771.462;771.512;771.562;771.611;771.661;771.711;771.76;771.81;771.86;771.909;771.959;772.008;772.058;772.107;772.156;772.206;772.255;772.305;772.354;772.403;772.452;772.502;772.551;772.6;772.649;772.698;772.747;772.797;772.846;772.895;772.944;772.993;773.042;773.091;773.14;773.188;773.237;773.286;773.335;773.384;773.433;773.481;773.53;773.579;773.627;773.676;773.725;773.773;773.822;773.871;773.919;773.968;774.016;774.064;774.113;774.161;774.21;774.258;774.306;774.355;774.403;774.451;774.5;774.548;774.596;774.644;774.692;774.74;774.789;774.837;774.885;774.933;774.981;775.029;775.077;775.125;775.172;775.22;775.268;775.316;775.364;775.412;775.459;775.507;775.555;775.603;775.65;775.698;775.745;775.793;
